,Main_ID,OTYPE,RA,DEC,DIST,X_475,Y_475,X_550,Y_550
0,2MASS J00234168-7205028        ,RG*,5.92378068091,-72.0841029279,0.03043405401951269,2636.6207688494187,4452.136240015269,2626.5942679616587,4432.266319292691
1,2MASS J00234315-7205538        ,*  ,5.929797,-72.09829699999999,0.03307187366028807,3624.9510766834746,4159.945055340093,3614.925909998813,4140.0796493037005
2,Cl* NGC  104    TUC    1331    ,*  ,5.928916666666666,-72.08629444444445,0.0291423840549315,2774.567176321896,4314.99770609965,2764.541301691691,4295.128415686797
3,2MASS J00233953-7204599        ,AB*,5.91480709705,-72.08329263932,0.03313069040486443,2610.2736375101026,4657.5967511435865,2600.246198266243,4637.72670970232
6,GES J00241041-7205445          ,*  ,6.043538169439999,-72.09571546189,0.015691022865617837,3048.113042984771,1702.4213432913712,3038.0991007848265,1682.5533035417882
13,[MSS2012] 31                   ,*  ,6.027039369340001,-72.09283556488,0.011482874565169884,2900.039901781893,2095.4347203911225,2890.024164484806,2075.5660045636146
16,Cl* NGC  104    DSZ       1    ,V*?,6.02825,-72.07958333333332,0.0026043061753029096,1953.32112742686,2217.356775950715,1943.3048331621487,2197.483736481037
17,Cl* NGC  104    DSZ       2    ,V*?,6.028208333333334,-72.08013888888888,0.00223080895954233,1992.9779576301908,2212.047549326402,1982.961687606797,2192.174690970393
18,Cl* NGC  104    DSZ       4    ,BS*,6.027833333333334,-72.08052777777777,0.0019256564358795369,2021.9292880926287,2215.899061535751,2011.9130004768276,2196.026335400053
20,[BH2018] J006.027500-72.077139 ,RG*,6.027549506945417,-72.0771773485186,0.004559419555298931,1784.612120663413,2259.6306722935487,1774.5956333686624,2239.7568623229163
21,Gaia DR3 4689639232475726976   ,*  ,6.0619739143370825,-72.08503405976165,0.012713396619576302,2225.0415143652485,1418.4732841808623,2215.0288686015565,1398.6014854407676
22,[LML2014] 100110               ,AB*,6.021202,-72.0791089,0.0023611535231799086,1943.8714322236578,2376.914006682122,1933.8544092756645,2357.040924026921
23,2MASS J00241002-7204438        ,AB*,6.04191785921,-72.07886507759,0.006555906887167132,1855.17489099468,1926.2683509591432,1845.1599261074286,1906.3948632640474
24,2MASS J00241143-7205304        ,AB*,6.04769073423,-72.09179852352,0.012963701884592987,2755.2418029749147,1655.3910212587782,2745.228075406183,1635.521643980294
25,[MSS2012] 48                   ,*  ,6.024171095279998,-72.08593257772,0.0045237603267926155,2418.9563140333003,2235.492368763476,2408.93993693743,2215.6214558495312
27,[MSS2012] 59                   ,*  ,6.046788317720001,-72.0810638304,0.0075349157855857385,1994.8127797906193,1795.0988604341433,1984.7984139418854,1775.22601043119
28,Cl* NGC  104  AGBWF  4-18      ,XB*,6.0501,-72.08677222222221,0.010068067909076626,2389.453623607648,1658.8516161372881,2379.4398800779563,1638.9805683609302
29,[LML2014] 100171               ,AB*,6.0479798,-72.0906284,0.012107626367805564,2671.020504381752,1662.1444591243812,2661.006745924995,1642.2746972244736
30,Cl* NGC  104    FDP     183    ,SX*,6.026166666666571,-72.0769444444432,0.0046523440460566005,1772.813124149784,2292.5058868255833,1762.7964867220644,2272.6320229617813
31,Cl* NGC  104  AGBWF  2-35      ,*  ,6.060005,-72.07424833333333,0.013645501018868139,1464.6137088334722,1581.9259204871566,1454.6003165264488,1562.0506490874136
32,Cl* NGC  104  AGBWF  3-23      ,BY*,6.06682375,-72.08313361111111,0.013792617800561676,2073.2189052895487,1333.5526418661532,2063.2066473102755,1313.6801497314389
33,Cl* NGC  104    EGG V26        ,BY*,6.026990416666667,-72.07944888888888,0.0024574607558547233,1948.0991865023602,2246.4277933480566,1938.0827594731088,2226.5547300262256
34,Cl* NGC  104  AGBWF  2-43      ,*  ,6.043137916666667,-72.07800194444444,0.0072694948923169266,1789.5855255341182,1909.216054594675,1779.5706385264075,1889.3422673560376
35,Cl* NGC  104  AGBWF  2-14      ,BY*,6.033924166666667,-72.07394444444445,0.008305498348900124,1532.7107432679477,2156.285387386395,1522.694728000487,2136.4104270026164
36,Cl* NGC  104  AGBWF  3-10      ,EB*,6.055503750000001,-72.08526305555554,0.010896606744368735,2263.544750247382,1557.4823934993474,2253.5314696373534,1537.6107706706534
37,Cl* NGC  104    EGG V35        ,BY*,6.028040416666666,-72.07834055555556,0.0035668223002253718,1865.6521278297882,2235.8602091825805,1855.635749074999,2215.9867693262163
38,Cl* NGC  104  AGBWF  2-29      ,BY*,6.04637125,-72.07780555555554,0.008244175025222795,1764.4947742691338,1840.6419778093855,1754.480200432618,1820.7680759775892
39,Cl* NGC  104    EGG V40        ,BY*,6.023486666666667,-72.08151833333332,0.0003637058281280793,2107.360532340047,2299.9205391772703,2097.3438609942273,2280.048203195537
40,Cl* NGC  104  AGBWF  2-13      ,BY*,6.055413333333333,-72.07672138888888,0.01122240185030748,1656.2956813706965,1654.8352998132973,1646.2819560855316,1634.960903813243
41,Cl* NGC  104  AGBWF  2-38      ,*  ,6.060479583333334,-72.0789825,0.011993719567482545,1799.7242210111633,1518.7035508016913,1789.7111174165489,1498.8298097713846
42,Cl* NGC  104  AGBWF  4-19      ,*  ,6.031458333333334,-72.08891583333333,0.00798169127777946,2606.037773969968,2042.6746599806038,2596.022277535103,2022.8046014462634
43,Cl* NGC  104  AGBWF  3-13      ,BY*,6.095243333333333,-72.09216138888888,0.02485571652304383,2618.064584713342,611.2597403677685,2608.0556258126817,591.3897356487835
44,Cl* NGC  104  AGBWF  3-20      ,BY*,6.082580416666667,-72.0904036111111,0.020584649318823846,2536.34889275271,907.8077980302451,2526.3385794038404,887.937420510553
45,Cl* NGC  104  AGBWF  2-46      ,*  ,6.0563525,-72.07454805555555,0.012536961831534832,1498.4814184054494,1658.542058259928,1488.467676208552,1638.6669415460456
46,Cl* NGC  104  AGBWF  2-41      ,*  ,6.031380833333334,-72.07310277777778,0.008794455410002964,1481.609413270412,2221.3843630897227,1471.5931007315294,2201.5091693126774
47,Cl* NGC  104  AGBWF  4-9       ,BY*,6.030852083333334,-72.09825083333332,0.017009538775134093,3272.0709603530368,1951.4318808000999,3262.0558809720633,1931.5648639707292
48,Cl* NGC  104    EGG V49        ,*  ,6.035005000000001,-72.0864725,0.006362899747375197,2420.047718588031,1992.4363730874882,2410.0324515545694,1972.565465136431
49,Cl* NGC  104  AGBWF  4-20      ,V* ,6.045766666666667,-72.08577166666666,0.008408905321395177,2333.180880317538,1764.8360018028266,2323.166652732774,1744.9646970782937
50,[MSS2012] 54                   ,*  ,6.032583333333334,-72.08553055555555,0.005162088887550891,2361.3881909102597,2055.9574068319444,2351.372633759686,2036.0862309957467
51,[MSS2012] 2                    ,*  ,6.032170833333334,-72.07544166666666,0.0067234438548696,1645.2400673984869,2177.90958552894,1635.2239533443958,2158.0351390612004
52,[MSS2012] 43                   ,*  ,6.071837500000001,-72.07508333333334,0.016509279467431318,1483.389806538672,1313.5701371125651,1473.3776397344388,1293.6949513580926
53,[MSS2012] 40                   ,*  ,6.034912500000001,-72.07908333333333,0.004534850515521201,1894.8106902821812,2077.1449529373917,1884.7950363560383,2057.2716462618255
54,[MSS2012] 66                   ,*  ,6.0441375000000015,-72.07805277777777,0.0075187185673147305,1789.7623273596932,1886.7696411119175,1779.747542862965,1866.895854679516
55,[MSS2012] 41                   ,*  ,6.035091666666666,-72.07666111111111,0.006188879078508792,1721.912848726208,2100.328023940509,1711.8970889528007,2080.4539276455093
56,[MSS2012] 69                   ,*  ,6.029108333333334,-72.09338611111112,0.012122326029046521,2932.0732367330274,2044.0244548393264,2922.057734254653,2024.1558852938265
57,[MSS2012] 80                   ,*  ,6.024347539689999,-72.0788052848,0.002711242809185336,1911.432725643354,2311.4758769461732,1901.4160015521175,2291.60264615639
58,[MSS2012] 95                   ,*  ,6.024808333333334,-72.078575,0.0029691063559104335,1893.46575652808,2303.9709475009745,1883.449066713955,2284.097634657738
59,[MSS2012] 101                  ,*  ,6.029741666666668,-72.07715277777777,0.004860101351021409,1775.3106975311005,2211.9251426160527,1765.294428102436,2192.0512901742736
60,[MSS2012] 79                   ,*  ,6.027975,-72.08624722222223,0.005107166026675263,2428.2299967631634,2148.7513083371346,2418.214015824217,2128.8804377739407
61,Gaia DR3 4689639232484228736   ,RR*,6.070072702128334,-72.09324566373166,0.018838741209292013,2781.3610703964546,1149.7228904275485,2771.3496523504714,1129.8536320509495
62,Cl* NGC  104    DPF    1758    ,SX*,6.027525,-72.08040833333334,0.0019050225547323565,2014.4963372613875,2223.9840612053863,2004.480012721647,2204.1113011232337
63,Cl* NGC  104    EGG V2         ,SX*,6.038104166666667,-72.08452777777778,0.005749663573641803,2271.0629590963367,1946.3905309332529,2261.047902329068,1926.5189425715855
64,Cl* NGC  104    EGG V15        ,SX*,6.020833333333334,-72.08,0.0015159928523271905,2008.51995639352,2374.9958989238894,1998.5029421943516,2355.1231115209002
65,Cl* NGC  104    MAM    del     ,*  ,6.03005368878,-72.08181583649,0.002405384049838205,2105.892076349328,2152.889248074816,2095.876076491545,2133.0169054004045
66,Cl* NGC  104   GYSB     283    ,*  ,6.023133333333334,-72.08748611111112,0.006046728844417523,2533.024330810454,2240.789532138589,2523.00792953699,2220.919140173568
67,Cl* NGC  104   GYSB     382    ,*  ,6.0273666666666665,-72.09058888888889,0.009274791032612216,2739.1209046583563,2113.4375117800937,2729.1050850764154,2093.5680610441527
68,Cl* NGC  104    MAM    eta     ,*  ,6.080208333333334,-72.08855555555554,0.019171567042926836,2413.0127396150847,980.2774776408341,2403.0020952068207,960.4065369634759
69,Cl* NGC  104    FBV      40    ,*  ,6.084564523720001,-72.09772588392,0.02512756782616992,3050.421420826381,782.8986906734369,3040.4116784145567,763.0306605860635
70,Cl* NGC  104    FBV      39    ,*  ,6.080416666666666,-72.0886111111111,0.019251681967113955,2416.25107039292,975.1011108831292,2406.2404496280787,955.2301849876367
72,CXOGlb J002410.0-720441        ,CV*,6.041866666666667,-72.07811111111111,0.006873844673626165,1801.7240965232836,1935.819470890368,1791.7090880214034,1915.9457390902442
73,CXOGlb J002408.2-720435        ,CV*,6.034579166666667,-72.07657777777777,0.006155707466100288,1717.7506535174348,2112.4783339259216,1707.7348382569514,2092.6042186212053
74,Cl* NGC  104  AGBWF  2-48      ,CV*,6.066166666666668,-72.07677222222222,0.014275208226533746,1622.9818803580172,1418.8805421190164,1612.9692326275322,1399.0059938979082
75,CXOGlb J002407.9-720454        ,CV*,6.033016666666668,-72.081875,0.0033161983163712706,2099.8957622149383,2087.39100275654,2089.880061485594,2067.5186326967387
77,Cl* NGC  104    MAM M54898     ,CV*,6.025054166666667,-72.08227777777778,0.0011820764770465787,2155.972126717575,2257.1134572560086,2145.9556508660194,2237.2413432904173
78,CXOGlb J002405.3-720421        ,CV*,6.022350000000001,-72.07264722222222,0.008797224558389593,1480.3405991314623,2424.192600813772,1470.323360424431,2404.317401175253
79,[FBS2016] NGC104 EM3           ,LP*,6.034736289089999,-72.08074128183,0.003881529421548825,2013.3391666965085,2062.4485785462216,2003.3235798785806,2042.5758131847945
80,[FBS2016] NGC104 EM4           ,LP*,6.030012500000001,-72.07956944444443,0.0030173119659450006,1946.2610831974102,2178.9407305262284,1936.2449643754012,2159.0676588178612
81,2MASS J00241655-7205521        ,AB*,6.068908537710832,-72.09779650792112,0.021738938367120153,3109.059936538597,1124.4426854908158,3099.0486342267586,1104.5749235954963
82,[MSS2012] 90                   ,AB*,6.02568982367,-72.07642623431,0.005123649785130216,1737.599872564761,2308.747217256947,1727.5831609752609,2288.8731925695465
83,[BH2018] J006.025155-72.085380 ,*  ,6.025154999999999,-72.08538,0.004030423011746219,2376.264949245136,2220.157402218446,2366.2486421800413,2200.286294332706
84,Cl* NGC  104  AGBWF  2-1       ,EB*,6.024531666666667,-72.07355999999999,0.007913522875816122,1537.7366135762963,2366.2054151501825,1527.719639657317,2346.330477663555
85,Cl* NGC  104  AGBWF  3-9       ,EB*,6.049855,-72.08336333333332,0.008682976674254744,2147.828414982564,1702.2969407387154,2137.814472975026,1682.424789512557
86,Cl* NGC  104    EGG V43        ,BY*,6.027395,-72.07891527777777,0.00297088919213182,1908.7526001255108,2243.5495055900756,1898.7361862463804,2223.676262572871
87,Cl* NGC  104  AGBWF  4-11      ,BY*,6.062399583333333,-72.09139361111112,0.015839513419194477,2675.9368613772904,1338.2025638919868,2665.924582431792,1318.3328242334192
89,[MSS2012] 99                   ,*  ,6.04808466765,-72.07293968323,0.011625425684686936,1412.5046879104816,1857.512750496905,1402.4900370893783,1837.6372411616621
91,Cl* NGC  104    MAM M61787     ,*  ,6.02485,-72.08026111111111,0.0014148595543252436,2013.2438403690755,2284.1713814317386,2003.227240957862,2264.298615621409
94,[LML2014] 100162               ,AB*,6.0212298,-72.07689740000001,0.004559610194243274,1786.4879867168763,2401.088099574936,1776.4708534079602,2381.214298135166
95,Cl* NGC  104  AGBWF  2-18      ,BY*,6.052333333333334,-72.07322222222223,0.012363586733478983,1417.9909251964987,1761.3382917665572,1407.9767135729116,1741.462807479709
96,[BH2018] J006.023586-72.076980 ,*  ,6.0236689429200005,-72.07710874134,0.004355257929785526,1793.1086873940608,2345.333994470669,1783.0918087038679,2325.4602232839275
97,[BH2018] J006.022306-72.083160 ,*  ,6.022306,-72.08316,0.001715570360474749,2228.1903412784377,2307.361054049001,2218.1736359441866,2287.489269897634
99,Cl* NGC  104    FDP     225    ,*  ,6.0363750000000005,-72.07755555555556,0.005813944079749154,1781.1115755074313,2062.2306071214343,1771.095989710132,2042.3567811876558
101,Cl* NGC  104  AGBWF  3-7       ,EB*,6.059525000000001,-72.0818736111111,0.011451759738165413,2008.6462162090224,1507.3289887072447,1998.633164586801,1487.4562017782512
105,Cl* NGC  104  AGBWF  3-19      ,BY*,6.119537916666667,-72.08349555555554,0.02997630525368912,1918.6175079710174,175.94060314484682,1908.6105366485313,156.0674037639119
106,Cl* NGC  104    DPF    1929    ,*  ,6.027420833333333,-72.08095555555555,0.0016410613653771555,2053.7757479667516,2220.1353177800293,2043.7594410009524,2200.2627370874343
107,Cl* NGC  104   GYSB     572    ,*  ,6.036029166666667,-72.07505277777778,0.007656749976984853,1604.2913892534634,2097.8028385882712,1594.2756410404659,2077.9282051201176
108,Cl* NGC  104    DPF    1951    ,*  ,6.027166666666667,-72.0810361111111,0.0015433425706117643,2060.3809219185955,2224.7950497257925,2050.36459367199,2204.9224991977153
109,Cl* NGC  104   GYSB     938    ,*  ,6.066116666666667,-72.07796388888887,0.013915447510459134,1707.9178354316941,1406.6841818597368,1697.9052434029497,1386.810021517492
110,Cl* NGC  104    TUC    1763    ,*  ,6.120851256500001,-72.07240219265,0.031638811312296546,1124.9439039092185,270.2068578126941,1114.9365017416076,250.33003427210747
112,2MASS J00242763-7205213        ,AB*,6.11514454004,-72.08925384182,0.029598803250316438,2343.2540112491856,208.19987831986646,2333.2468929313172,188.32861807724407
114,Cl* NGC  104    FDP    3086    ,*  ,6.027679166666667,-72.08398333333332,0.0030257103544814703,2268.2326480741,2180.575462310272,2258.2165217761353,2160.7038610425684
115,[KDA2008] 7                    ,** ,6.024141666666667,-72.08253611111111,0.0012258396513413544,2177.4904130032846,2274.1859369265426,2167.473859181968,2254.313921233376
116,Cl* NGC  104  AGBWF  3-15      ,XB*,6.102658333333334,-72.08337499999999,0.024788457263555056,1967.6803655146098,546.6831561357501,1957.6717010754871,526.8101813106086
117,Cl* NGC  104  AGBWF  2-10      ,BY*,6.064899583333334,-72.0759238888889,0.014215132722468726,1566.9886282337995,1456.0797748522848,1556.9758106231745,1436.2049709369612
118,Cl* NGC  104    EGG V33        ,BY*,6.027734166666667,-72.07900666666666,0.002951009041069401,1914.0837837461372,2235.103334918017,1904.067408439416,2215.230116249398
120,Cl* NGC  104  AGBWF  3-16      ,XB*,6.062720833333334,-72.08422222222222,0.012732852616436467,2164.7317464928396,1411.1884978330313,2154.719133979219,1391.3164236657774
122,Cl* NGC  104    SAW V32        ,XB*,6.03255,-72.08288888888889,0.003460360940888782,2173.615243300853,2086.2543593314117,2163.5995477640236,2066.382325946501
123,Cl* NGC  104    EGG V34        ,XB*,6.029879166666667,-72.08132222222223,0.0023260900011396143,2071.3853045320866,2162.2346283692295,2061.369261995983,2142.3621281023825
125,Cl* NGC  104  AGBWF  2-7       ,XB*,6.041666666666667,-72.0810361111111,0.005963529311687356,2010.4569364178974,1907.4893798956425,2000.4420572899985,1887.6166013595662
126,Cl* NGC  104  AGBWF  2-22      ,XB*,6.0297375,-72.07228888888889,0.00943514159839756,1429.3850255678917,2266.4731228749542,1419.3685071432742,2246.5976905764387
128,Cl* NGC  104    EGG V24        ,BY*,6.030100000000001,-72.08260833333333,0.0026589958613553785,2162.09828637546,2143.00330047326,2152.082331665351,2123.1312144915146
129,Cl* NGC  104    EGG V23        ,BY*,6.026799999999999,-72.0813,0.0013830866204216313,2080.4130899958664,2229.8632628104215,2070.3967386014374,2209.990803769053
131,NGC   104     2                ,CV*,6.06528038757,-72.07619507223,0.014220775309861067,1584.9708678912202,1444.7187904598622,1574.9581021636418,1424.8440686619772
134,Cl* NGC  104      R      51    ,*  ,5.97821967545,-72.08553189723,0.014171695677229968,2549.1871680254767,3245.211450975746,2539.166179408275,3225.3411324390026
135,Cl* NGC  104      R       7    ,*  ,6.00825953339,-72.0745348816,0.008153953388398732,1663.2250653981978,2711.4782041552266,1653.2065146408959,2691.6038396228
136,[BH2018] J006.006403-72.081700 ,*  ,6.006403,-72.0817,0.004906546542412315,2179.219619812686,2671.6972336517683,2169.2012505571893,2651.825225750786
140,[MSS2012] 57                   ,*  ,5.99237415137,-72.07386936942,0.011931179592733182,1670.8057028698304,3066.6718871762414,1660.7855300119875,3046.797557002551
141,[MSS2012] 81                   ,*  ,5.99541701876,-72.07861316298,0.008751211760520133,1997.6481600999737,2946.761200185286,1987.6285346906675,2926.888362863236
143,Gaia DR3 4689638029894195712   ,EB*,5.9297883406233325,-72.07610451944417,0.028972014319777195,2046.9739341184431,4411.22405837967,2036.9476205625097,4391.351444470865
144,2MASS J00235437-7205017        ,*  ,5.976582,-72.08382399999999,0.01427363306747059,2433.4024561489596,3300.263979881225,2423.381216130386,3280.3931324764244
145,Cl* NGC  104      R       1    ,*  ,5.99249552683,-72.09177634124,0.013818492835112644,2943.8799549551795,2862.7384476244997,2933.860713161427,2842.869931959658
147,2MASS J00240154-7205290        ,AB*,6.00648827319,-72.0914587869,0.011136741926807242,2872.9684826269468,2560.3026690633415,2862.950622134511,2540.433829617258
148,2MASS J00240398-7205100        ,LP*,6.016673670890001,-72.08612109284,0.004989776052589024,2458.2090158706346,2397.3967154091442,2448.1918993439967,2377.525981751998
149,[GLS2013] 47 Tuc  81868        ,HB*,5.94936743775,-72.0981709448,0.027986112090589207,3547.9946691554496,3733.6109911906224,3537.9714497782525,3713.74523412121
150,[MSS2012] 76                   ,*  ,6.0118763344092,-72.0827760034848,0.0034806261653758386,2236.8514174302604,2539.865863320114,2226.833650241629,2519.994118676634
151,[MSS2012] 62                   ,*  ,5.988002177799999,-72.07527165793,0.012234357969149663,1785.6603629341153,3146.601024992408,1775.6398249843442,3126.7272193157605
152,UCAC3 36-2199                  ,*  ,5.941204166666666,-72.08023055555556,0.024989621303616982,2300.6406258069387,4114.781090913637,2290.615665892958,4094.909636143315
153,Cl* NGC  104    FDP    2675    ,*  ,6.009416666666571,-72.08233333333209,0.004070857665577586,2213.8577157066215,2598.6495613061547,2203.839680054665,2578.7777116294583
154,Cl* NGC  104   GYSB      84    ,*  ,6.0123749999999,-72.0888611111099,0.008023863203530844,2667.9091411402433,2460.70064410035,2657.8917355158865,2440.830868146185
155,Cl* NGC  104    EGG V37        ,BY*,6.017722916666667,-72.08247833333333,0.0017541994887270778,2195.5107790248344,2415.279787930007,2185.4935808254195,2395.407854514603
156,Cl* NGC  104    EGG V39        ,BY*,6.0207137500000005,-72.08349722222222,0.002112080729693638,2257.6634322984924,2338.42014765191,2247.6465851172675,2318.548498102594
157,[MSS2012] 44                   ,*  ,5.983941666666667,-72.07969999999999,0.01193916644487664,2114.641024610869,3185.6543094472045,2104.620308138798,3165.782006271692
158,[MSS2012] 65                   ,*  ,5.970012499999998,-72.07591944444445,0.017020104333944925,1894.0470798579854,3533.0387734991155,1884.0247770293308,3513.165462448843
159,Cl* NGC  104    EGG V9         ,*  ,6.0139000000000005,-72.07392222222222,0.00795688771233821,1600.177005282646,2594.8821334896857,1590.158987024834,2575.0074810737715
160,Cl* NGC  104      R       3    ,*  ,5.971130960819999,-72.08530448606,0.01621635234307514,2557.5698384616,3402.8348088415537,2547.5481299516623,3382.9645284553735
161,[BH2018] J006.015375-72.089972 ,RG*,6.015387500000002,-72.08997222222222,0.0087910258714227,2736.5427930454216,2382.3500497049436,2726.5257452795595,2362.480587212039
163,[LML2014] 100154               ,AB*,6.0171898,-72.0853225,0.004187957936091913,2399.6317924377613,2395.0587939288685,2389.6146865847336,2375.1877927462097
166,Cl* NGC  104     WD       9    ,*  ,6.016541666666667,-72.07877777777777,0.0032065774830022935,1936.3951359757953,2482.6156931671853,1926.3776303000775,2462.74257633588
167,[LML2014] 100136               ,AB*,6.011694,-72.0848407,0.004715825105920398,2384.3235187678642,2520.69467029586,2374.305839125495,2500.823599175231
168,2MASS J00240182-7205503        ,AB*,6.007592,-72.09731299999999,0.016503077706019772,3285.5113690683647,2470.4672487429925,3275.4939190285854,2450.600293417767
169,[BH2018] J006.014484-72.081560 ,*  ,6.014484,-72.08156,0.00241643850344548,2141.370080321759,2496.4469082070573,2131.3525114390877,2476.574727505841
173,CXOGlb J002404.9-720506        ,CV*,6.02065,-72.08502222222222,0.0036148774485748663,2366.344984383389,2322.7244806931835,2356.328208886998,2302.853327498022
174,CXOGlb J002403.7-720423        ,CV*,6.015733333333334,-72.07304444444443,0.008641756095065446,1531.4203674073246,2564.5919203006174,1521.4024875109508,2544.7169538818334
175,CXOGlb J002402.8-720449        ,CV*,6.011691666666667,-72.08028888888889,0.003470892176366359,2060.603103711629,2571.8054510070556,2050.585190684367,2551.932901411554
176,CXOGlb J002402.1-720542        ,CV*,6.008920833333333,-72.09498333333333,0.014152983576507964,3115.2409742537184,2467.5562811765767,3105.223537436073,2447.6885482149023
177,CXOGlb J002401.4-720441        ,CV*,6.005975,-72.07825555555556,0.005957380256805999,1935.7295849833904,2719.723349420008,1925.7109964600243,2699.8502294459295
178,CXOGlb J002359.3-720438        ,CV*,5.997516666666667,-72.07735,0.00866338717396994,1900.5552674521903,2915.003466588708,1890.5357871181743,2895.1301858484876
179,[MSS2012] 30                   ,LP*,6.0113875,-72.0841111111111,0.0042944029189902495,2333.4922321075155,2535.58446928491,2323.474484464198,2515.7131660095893
180,[MSS2012] 24                   ,*  ,6.006541135750001,-72.0795056132,0.005230303539940453,2022.6781798605973,2693.303500454163,2012.6597119674882,2673.4307775984453
181,[MSS2012] 98                   ,*  ,5.98458482117,-72.07819040947,0.012060888769534563,2005.059078452524,3188.562988685413,1995.038348747891,3168.69018502022
182,[MBV2011] 14089                ,*  ,5.975291666666667,-72.08355555555555,0.01462413731876784,2418.7817034220975,3331.5147673088304,2408.760320682638,3311.6438530987416
183,Cl* NGC  104  AGBWF  4-12      ,BY*,6.018760833333333,-72.09369749999999,0.012302107501937512,2989.862307157042,2266.8128121051236,2979.8457871588803,2246.944506524966
184,Cl* NGC  104    MAM M59651     ,*  ,6.01671669361,-72.08078388881,0.0018488215607960433,2078.4694143679876,2456.293711020939,2068.452028874512,2436.421243060029
186,Cl* NGC  104    FBV       9    ,*  ,5.946249999999999,-72.09805555555555,0.02869354847488089,3550.6110462477673,3803.0550645232543,3540.58750968162,3783.1893193381666
187,Cl* NGC  104    MAM    alf     ,*  ,6.019541666666667,-72.08294444444445,0.001727844011071136,2222.389695891806,2370.26029169316,2212.372703296407,2350.3884810419795
194,[APP2021] 81899                ,*  ,5.929000000000001,-72.09655555555555,0.03243720696169752,3503.89699240858,4197.0695129432515,3493.8716561642514,4177.203553942898
195,[APP2021] 87166                ,*  ,5.950333333333333,-72.09380555555555,0.02535976993319603,3234.2224968597475,3761.783279859529,3224.199148803188,3741.916089639215
199,2MASS J00234947-7205298        ,AB*,5.95622148838,-72.09160873894,0.022732377309246123,3057.573241639188,3657.8347128895957,3047.5503683745437,3637.966715947621
200,Cl* NGC  104    DPF    1596    ,*  ,6.0171166666666664,-72.08064999999999,0.001789724702899155,2067.567316265046,2449.04235586735,2057.54996388931,2429.1698381202855
201,GES J00240280-7204341          ,*  ,6.01167,-72.07614,0.006236585887609808,1765.6055863052263,2618.8196551115907,1755.587458658668,2598.945758212369
202,Cl* NGC  104      R       4    ,LP*,6.010465442248331,-72.08538685181361,0.00537239304068955,2427.40566403811,2541.444997764007,2417.3878896254487,2521.574123396564
203,2MASS J00240279-7205033        ,*  ,6.01165,-72.084274,0.004335888147582327,2344.171189388458,2528.014233188055,2334.1534763175728,2508.142978685332
205,Gaia DR3 4689637995526918400   ,*  ,5.976723457927083,-72.08381471179472,0.014229178406403751,2432.251992150857,3297.2739426181843,2422.2307657886595,3277.40308996195
207,CXOGlb J002404.2-720443        ,XB*,6.0178166666666675,-72.07875555555555,0.003026199551760347,1930.4162579001425,2454.9616501032406,1920.3988785192514,2435.0885059751377
211,CXOGlb J002357.6-720502        ,XB*,5.990412499999999,-72.08386944444445,0.010114010981663825,2388.766735324087,2997.184058392079,2378.746879512801,2977.3130073533894
212,[SBC2007] NGC 0104  29629      ,SB*,5.9718,-72.0959,0.021223901817196245,3308.734164195692,3268.8460216377634,3298.7130676048228,3248.979172141413
213,[SBC2007] NGC 0104  65419      ,SB*,6.002099999999999,-72.0868,0.008210145567275165,2556.788616078324,2708.5828281868057,2546.770078325525,2688.7125446751543
216,Cl* NGC  104  AGBWF  3-24      ,BY*,6.10229375,-72.08162805555554,0.024602847436070146,1844.653016635049,574.0711054238188,1834.6442270547611,554.1975688213106
217,[APP2021] 93941                ,*  ,5.977208333333334,-72.05352777777777,0.031182416531391068,276.7362422728529,3627.642334072354,266.7135092711592,3607.761636046337
219,2MASS J00240996-7202592        ,RG*,6.04212197081,-72.04977708265,0.03224853156504038,-214.45384223039218,2247.048939004433,-224.47027055353738,2227.165999288557
224,[GLS2013] 47 Tuc  91316        ,HB*,6.058000000000001,-72.05341944444444,0.030100264923730205,-10.045143442629524,1858.328377821613,-20.05979707032384,1838.4463718376758
225,Cl* NGC  104  AGBWF  2-16      ,BY*,6.062362916666667,-72.05889388888889,0.025698639515531658,364.35021290745226,1701.6235810572732,354.3362744886597,1681.7432849297252
229,2MASS J00241462-7204018        ,AB*,6.060925671179999,-72.06717962608,0.01856351609726965,958.6545330859658,1640.651819233862,948.6408727387252,1620.7742372092275
230,GES J00240513-7203547          ,*  ,6.021435405134165,-72.06521795590584,0.01622882034956434,955.1062715635883,2527.467185490456,945.0885615677971,2507.589587017692
231,Cl* NGC  104  AGBWF  2-40      ,*  ,6.006782916666667,-72.0692111111111,0.013135713176634676,1289.699345101741,2803.5503135843774,1279.6803741009298,2783.6742430441263
232,Cl* NGC  104      R      15    ,*  ,6.042091666666667,-72.08168611111111,0.006084986364823728,2055.2269973645402,1890.9208538628925,2045.2121939055783,1871.0482797837135
238,CXOGlb J002403.6-720459        ,CV*,6.015429166666667,-72.08306388888887,0.002669991671889571,2245.0680817227685,2458.9021556838297,2235.0506842973,2439.030448589374
239,Cl* NGC  104    MAM M57483     ,*  ,6.0285416666666665,-72.0814861111111,0.001911819401248021,2087.649244654992,2189.667336367529,2077.6330768326075,2169.794910376626
240,[KDA2008] 5                    ,WD*,6.023154166666667,-72.08393055555554,0.002499033043395173,2280.070982962814,2280.1699510208837,2270.054401813152,2260.2984038148334
242,[GLS2013] 47 Tuc  80725        ,HB*,6.0371375,-72.10360555555555,0.022624039761658818,3631.3067447870826,1754.1096979551862,3621.292566968542,1734.2443216083138
244,Cl* NGC  104    EGG V20        ,WD*,6.026470833333333,-72.080325,0.001696158662928005,2012.2018706046442,2247.9862156955483,2002.1854364499784,2228.113445130685
245,Cl* NGC  104   GYSB     263    ,*  ,6.022208333333333,-72.08180555555555,0.00036301966141145047,2132.1951742570905,2324.674590181555,2122.1783898580734,2304.802367617478
246,Gaia DR3 4689639301203677952   ,*  ,6.069217953497084,-72.07435846196555,0.016074856975908748,1440.8163228856301,1378.99984400858,1430.8038572846008,1359.1244638606158
247,2MASS J00240855-7205511        ,AB*,6.035641,-72.097549,0.016616736214510878,3205.6777646232576,1854.5859262217432,3195.663127535102,1834.7186061343036
248,2MASS J00240305-7204554        ,LP*,6.012864785660001,-72.08196303324,0.0029576352832598,2175.621272864462,2527.357045328584,2165.6035628096256,2507.485021046768
249,[MSS2012] 63                   ,*  ,5.972328020500001,-72.07723686093,0.01595030986613344,1979.7052777738345,3467.5229899692913,1969.6832740934353,3447.6500702233507
250,[MSS2012] 21                   ,*  ,5.99920762667,-72.09124354277,0.01210785094271034,2882.797534986863,2721.9410275261453,2872.7789362464014,2702.0722329343207
251,[MSS2012] 58                   ,*  ,5.99655061721,-72.08512312091,0.008742044248005778,2456.7038703564067,2848.812175272813,2446.684692163026,2828.941434599302
252,Cl* NGC  104   GYSB     241    ,*  ,6.021033019359999,-72.09387237927999,0.01243432676867231,2994.4703190662885,2215.1663214307655,2984.4540349583845,2195.2980368886356
253,Cl* NGC  104  AGBWF  4-1       ,EB*,6.019622083333334,-72.1023822222222,0.02095431778204815,3604.571558539711,2150.6404428902574,3594.5555695127205,2130.7749446570583
254,Cl* NGC  104    EGG V28        ,BY*,6.019210416666667,-72.08320722222221,0.0020069865018949194,2242.2212283236872,2374.562689172721,2232.204216078755,2354.69096909348
255,Cl* NGC  104  AGBWF  2-44      ,*  ,6.070840000000001,-72.07503722222222,0.01624461089671704,1483.53198157317,1335.92172362071,1473.5197126951944,1316.0465385256005
256,Cl* NGC  104  AGBWF  4-21      ,*  ,6.041600000000001,-72.09276694444445,0.012780064542371105,2845.057857523697,1777.7725954913294,2835.043571051695,1757.9036284544702
257,Cl* NGC  104  AGBWF  3-25      ,*  ,6.119165416666667,-72.07846833333333,0.029943758252701066,1562.2481655617244,239.8472145428634,1552.240902185747,219.9723879046287
258,[MSS2012] 18                   ,*  ,6.0069124999999985,-72.08238888888889,0.004836160257257511,2226.4540360942997,2652.817509861464,2216.4357530530688,2632.9457176914075
259,[MSS2012] 29                   ,*  ,6.032658333333335,-72.08903611111111,0.00822972933482845,2610.4615846555703,2015.0799788329416,2600.4462142541747,1995.209940495714
260,[MSS2012] 47                   ,*  ,6.034175,-72.07883055555554,0.004485198166294102,1879.3713448385154,2096.1142927916117,1869.3556042832054,2076.240915604612
261,[MSS2012] 53                   ,*  ,6.0455250000000005,-72.08190833333333,0.007151512717490721,2059.2240693216736,1813.3056123143078,2049.2096203286155,1793.4330564759512
262,[MSS2012] 100                  ,*  ,6.029720833333333,-72.0926,0.011384862265546188,2874.0531780434812,2039.431561440054,2864.037696517239,2019.562726918368
264,[MSS2012] 35                   ,*  ,6.042685,-72.092773,0.01294351235839472,2841.7582870964443,1753.9762266395583,2831.74410930838,1734.1072445219136
265,GES J00241442-7204215          ,BS*,6.060203065132501,-72.07265571690694,0.01459746797142393,1350.6508438113806,1595.3635988770957,1340.6373901549787,1575.4878070295968
266,2MASS J00242328-7205421        ,RG*,6.097003314084166,-72.09502526811112,0.02668115911312125,2815.7747215059453,540.9259150716139,2805.7660840200333,521.0568131115388
267,CXOGlb J002413.4-720523        ,XB*,6.0561625,-72.08980555555556,0.013349656301985454,2584.3860956083245,1492.352668289299,2574.373112580736,1472.482510646485
269,Cl* NGC  104    EGG V52        ,CV*,6.026083333333333,-72.07941666666666,0.002333690461846987,1948.9334133689308,2266.63982897849,1938.9168940325712,2246.76676946358
271,Cl* NGC  104    FDP    2712    ,*  ,6.016958333333334,-72.08280555555555,0.0021407714375635037,2221.4204327952116,2428.340665073139,2211.4031749456694,2408.468849983999
272,Cl* NGC  104    EGG V16        ,SX*,6.020833333333334,-72.08,0.0015159928523271905,2008.51995639352,2374.9958989238894,1998.5029421943516,2355.1231115209002
273,Cl* NGC  104  AGBWF  4-7       ,XB*,6.052170833333333,-72.0893611111111,0.01212157455025709,2566.4818032899348,1584.6303493670403,2556.4683988068805,1564.760110013261
274,Cl* NGC  104    DPF    1581    ,*  ,6.025525,-72.08000833333332,0.001740477378643935,1992.9390219120155,2272.231387008423,1982.9224770339933,2252.358528465956
275,Cl* NGC  104    DPF    2128    ,*  ,6.033329166666667,-72.08115277777777,0.0033968840761214383,2047.4517890418992,2088.6358876737077,2037.4360826284574,2068.76327810461
276,Cl* NGC  104   GYSB     577    ,*  ,6.0363625,-72.08603055555555,0.006298344683246309,2383.942324356879,1967.6832295554566,2373.927170364593,1947.8121567091466
277,2MASS J00235852-7206177        ,AB*,5.993858333333334,-72.10491944444445,0.025054076684894136,3873.8745318269075,2685.227456436397,3863.856101198583,2665.363188225038
278,[BH2018] J006.024616-72.084210 ,*  ,6.024615999999999,-72.08421,0.002853637283380895,2294.908020109727,2245.0559221031176,2284.891599327459,2225.1844426599114
279,CXOGlb J002411.0-720620        ,CV*,6.046208333333334,-72.10556666666666,0.025214806738668785,3739.62591012977,1533.9306214491157,3729.612738114459,1514.0657396029746
280,CXOGlb J002403.8-720621        ,CV*,6.015979166666668,-72.10600277777776,0.024635817586281833,3874.6215163837714,2189.6685357844176,3864.605349314007,2169.80427088089
283,CXOGlb J002407.1-720545        ,CV*,6.029754166666667,-72.09601944444444,0.014752798141849698,3117.143568328608,2000.4180737212034,3107.1282651114843,1980.5503493681222
285,CXOGlb J002402.1-720450        ,CV*,6.009275000000001,-72.08073055555555,0.004079336145612057,2100.356612472562,2619.732915231501,2090.3384805536857,2599.8605471758788
286,CXOGlb J002410.6-720516        ,CV*,6.044341666666667,-72.08788055555556,0.009342053031300186,2488.0791202877344,1772.4373481287794,2478.0648580323623,1752.5667508088254
287,Cl* NGC  104    DPF    1286    ,V* ,6.024670833333333,-72.07922222222223,0.0023361035304669134,1939.9722487101699,2299.729940197953,1929.9555782556836,2279.8568397516474
288,Cl* NGC  104  AGBWF  2-34      ,LP*,6.035025000000001,-72.07664166666666,0.006190956337835217,1720.7594340041921,2102.0048288259895,1710.7436665748357,2082.130727263327
289,2MASS J00240317-7204507        ,LP*,6.01320235491,-72.0807419173,0.0028945982725603245,2087.609354709687,2533.6663831542674,2077.591615856447,2513.793956911753
290,2MASS J00235348-7206213        ,AB*,5.9728787925399995,-72.10594766299,0.028836982506702854,4019.5236930543815,3132.0916253597134,4009.5032213709183,3112.228022286482
291,2MASS J00235692-7205325        ,RG*,5.987221572520001,-72.09237806651,0.015367004666234176,3004.9056212356104,2971.3016025988486,2994.885883605177,2951.433365603274
292,[GLS2013] 47 Tuc  81468        ,HB*,5.9951235780654155,-72.1000032037025,0.02035725010314213,3519.873674930536,2712.822413832785,3509.8551180487448,2692.9565288539447
293,GES J00241165-7205072          ,RG*,6.048568620359999,-72.08537210003,0.008976930176981134,2295.128866599006,1707.9987774552121,2285.1148985830055,1688.1272989319466
294,2MASS J00242066-7204430        ,RG*,6.08612449281,-72.07861460932,0.01983200635194764,1685.6108316571535,961.4874728203297,1675.6002727531795,941.6132103201946
295,2MASS J00241882-7204259        ,RG*,6.078477096517083,-72.07390617975334,0.018851087353895672,1376.8857355666153,1181.3245286762951,1366.8741726899486,1161.448856475495
298,GES J00241708-7206106          ,EB*,6.07119287608,-72.1029488055,0.026233291610395885,3467.724078253982,1017.0611868796384,3457.713266774648,997.1950627696153
302,Cl* NGC  104   GYSB     523    ,*  ,6.033162500000001,-72.08706388888889,0.006533292381225438,2468.4522851784254,2026.1253297184362,2458.436864291297,2006.2546428352855
303,Cl* NGC  104    DPF    1757    ,*  ,6.0257,-72.0805388888889,0.0013768196162946605,2030.0708187517541,2262.4590070221416,2020.0543184994328,2242.586318062064
304,Gaia DR3 4689639301195008128   ,*  ,6.089003859151667,-72.0772534737586,0.020939465242659015,1578.9268192973502,913.6050761484196,1568.9164790382401,893.7303264178427
306,GES J00235296-7206082          ,*  ,5.970815289571664,-72.10227310958388,0.026167572346635342,3765.3565069787173,3218.5759949774274,3755.335640132007,3198.711231025505
307,GES J00235825-7204539          ,*  ,5.992928426550001,-72.08165124831999,0.0090478854124529,2222.3144314152282,2967.0739112660403,2212.2947131605756,2947.202100025714
308,GES J00240002-7204192          ,*  ,6.00008,-72.072,0.011665305124639341,1511.2099527356925,2918.990481998526,1501.19045440512,2899.1154230436296
309,Cl* NGC  104    SAW V39        ,*  ,6.020470833333334,-72.08204444444445,0.0008287824153200049,2155.1758134716947,2360.016435599,2145.15886766288,2340.144317981014
311,[BH2018] J006.029721-72.083300 ,*  ,6.029721,-72.0833,0.0029350613089727177,2212.597915983107,2143.552202315927,2202.581958769879,2123.68034696517
312,Cl* NGC  104  AGBWF  2-33      ,*  ,6.014502500000001,-72.07166222222223,0.010074390675901324,1437.3631490286398,2607.037115196312,1427.3450753460365,2587.161719186257
313,GES J00234860-7205053          ,*  ,5.952593424050833,-72.08480878792166,0.02171548157898147,2586.6201503486855,3813.9189837788444,2576.596564340329,3794.0488356326323
314,Cl* NGC  104    EGG V7         ,EB*,6.020616666666667,-72.08088,0.0007721426302777194,2071.854836592294,2369.8752599785585,2061.8378457695744,2350.0027618290133
315,[GLS2013] 47 Tuc  87295        ,HB*,6.09857063678,-72.07197137329,0.025303014042076452,1170.4354595775258,762.8883616152004,1160.4258075432078,743.0117463277604
316,Cl* NGC  104  AGBWF  4-13      ,BY*,6.054382916666667,-72.1011411111111,0.022025225754056955,3396.7806991945254,1404.6947523435745,3386.7681171207573,1384.828304673782
317,Gaia DR3 4689637720650187264   ,*  ,5.971743443177501,-72.10931411506888,0.03191512131357429,4262.852806592461,3118.9773401729235,4252.832394972151,3099.1148484452565
318,CXOGlb J002410.6-720529        ,XB*,6.044158333333333,-72.09144722222221,0.012047271418028818,2742.3951946338557,1736.575731587237,2732.3810962672446,1716.7062956829752
319,Cl* NGC  104  AGBWF  2-21      ,XB*,6.0417000000000005,-72.07390277777777,0.009612985732460203,1502.9740390116326,1986.5249365840396,1492.9587990041346,1966.6498404135864
320,Cl* NGC  104  AGBWF  3-1       ,EB*,6.080724999999999,-72.07534999999999,0.01897466281608907,1471.8842372293066,1116.030333497864,1461.8729725335872,1096.1550950886672
323,Cl* NGC  104  AGBWF  3-4       ,XB*,6.0775375,-72.08197222222222,0.016993614919576443,1953.869193970533,1112.0429922713188,1943.8579475754,1092.1699549446453
324,Cl* NGC  104  AGBWF  3-12      ,XB*,6.069695833333333,-72.07980555555555,0.014665560616394882,1826.6368244955706,1307.80827462357,1816.6246840317363,1287.9346563927716
325,Cl* NGC  104    SAW V38        ,XB*,6.0328541666666675,-72.08388888888888,0.0040570533406945174,2243.692644129615,2068.406471212562,2233.6770301087895,2048.5347578672663
326,Cl* NGC  104    EGG V18        ,XB*,6.030570833333333,-72.08454722222223,0.004006966225869289,2298.378779063133,2110.9948051280667,2288.3629705432463,2091.1233415354272
328,Cl* NGC  104  AGBWF  4-10      ,XB*,6.027608333333333,-72.09510555555555,0.013757255593808242,3059.5310149517422,2057.5713130406043,3049.515450662949,2037.7033255929084
329,Cl* NGC  104  AGBWF  2-2       ,XB*,6.021491666666667,-72.06784444444445,0.013602442507921206,1141.7149129480545,2496.802880167336,1131.6973428474948,2476.926133968603
331,Cl* NGC  104  AGBWF  2-6       ,XB*,6.026308333333334,-72.07137222222222,0.010146391575703248,1376.008740734289,2351.81510689125,1365.9918326029813,2331.9394307932544
338,Cl* NGC  104  AGBWF  2-17      ,BY*,6.026816666666667,-72.07503055555556,0.006560854605194198,1634.450080096416,2299.713764014006,1624.4334097918124,2279.8392682417884
339,CXOGlb J002411.8-720514        ,XB*,6.049220833333333,-72.08737777777777,0.010180141804919982,2435.5466411411317,1671.3194117968358,2425.532840685153,1651.4485745262364
341,[MSS2012] 83                   ,*  ,6.0235266960462,-72.0879698939822,0.006535838900399967,2566.0769499210505,2226.764713440354,2556.0606127073956,2206.8944724267285
342,Gaia DR3 4689639331261073152   ,*  ,6.126533657452918,-72.08088245124527,0.03206545932109692,1708.8577568511018,51.79465978925464,1698.8513523496758,31.9205023606105
343,[SBC2007] NGC 0104   1358      ,SB*,5.995414013281667,-72.10907465477666,0.028842653114003948,4164.012065361173,2604.540930015878,4153.994003516178,2584.6779868884655
344,Gaia DR3 4689637716353066112   ,*  ,5.965672821002084,-72.10652409529277,0.030535601175100287,4085.462484429971,3283.044632452817,4075.4413232670627,3263.1813304836596
345,Gaia DR3 4689639331261063296   ,HB*,6.111263290555,-72.07983701602055,0.02741025528736266,1686.5942246464315,397.63882495388793,1676.586240729019,377.7645663511296
346,Gaia DR3 4689639198117911040   ,RG*,6.005748536227499,-72.10019854450833,0.019434838372523067,3497.090541207257,2478.3809536181425,3487.073055133652,2458.5149645897477
347,Cl* NGC  104  AGBWF  4-6       ,BY*,6.0438,-72.085,0.007501363066085736,2285.0568796260313,1816.4898981733456,2275.042416123435,1796.618373689398
348,[SBC2007] NGC 0104  98813      ,SB*,6.0306,-72.0804,0.0027507168067877107,2003.3099645468312,2156.7853301677287,1993.2939469007904,2136.912519002509
349,[SBC2007] NGC 0104 106958      ,SB*,6.007000000000001,-72.0736,0.009153561630401,1601.0867520045997,2749.5406740924445,1591.0680274558326,2729.6660257420494
350,Gaia DR3 4689627580230547840   ,Pe*,6.120141977273334,-72.08847333459555,0.03089795580078722,2270.680413721581,107.52034408996406,2260.6737551480865,87.64875227979087
352,2MASS J00235113-7206044        ,RG*,5.96327804091125,-72.10122732583055,0.02685301409273849,3717.094548720817,3395.087410326885,3707.072875614824,3375.22242585434
354,[GLS2013] 47 Tuc  84918        ,HB*,5.946699999999999,-72.08316666666666,0.02333099929783732,2490.3197314374565,3961.3772014868446,2480.2954720132852,3941.5066132993743
362,Cl* NGC  104    MAM M44437     ,*  ,6.026625,-72.08538055555556,0.004152039093937337,2371.2398358445316,2187.9912091855062,2361.2236756852544,2168.120078350396
363,Cl* NGC  104  AGBWF  3-5       ,EB*,6.104695833333334,-72.08535833333333,0.025639137695042065,2101.8078170986664,480.0637571546845,2091.7994569872176,460.1913947450555
364,Cl* NGC  104  AGBWF  4-24      ,*  ,6.0459625,-72.09320888888888,0.013828887118461522,2861.4962344240193,1677.4258652555231,2851.4824062729203,1657.5569732385652
365,[MSS2012] 56                   ,*  ,6.061004166666668,-72.07429444444443,0.013883868344062585,1464.461641932664,1559.5369431336517,1454.4483518681996,1539.6616710324324
366,[MSS2012] 64                   ,*  ,6.011900000000001,-72.08556944444443,0.005225802007710571,2435.4416258196966,2508.013455561217,2425.424004093004,2488.1426179037144
369,[GLS2013] 47 Tuc  80963        ,HB*,6.06285,-72.10243055555554,0.024406202564888888,3459.4528694263226,1205.2113066122824,3449.4411985580837,1185.3451449504905
370,Cl* NGC  104      R      14    ,*  ,6.034583333333333,-72.07894444444445,0.004523951960779344,1886.0656209757935,2085.9031463593105,1876.04992705386,2066.029799745348
372,GES J00241693-7205321          ,*  ,6.0707793561,-72.09227189392,0.018420234842974587,2709.6729019841196,1145.1230713199825,2699.661504895531,1125.2534855582194
374,2MASS J00234612-7205003        ,*  ,5.942211781000001,-72.08341833543,0.024726894422978093,2523.8133613363443,4056.7153690605674,2513.7886664711277,4036.844933719008
375,[BH2018] J006.087875-72.079472 ,RG*,6.087882475406251,-72.0794964151836,0.02026335846831031,1742.3180593076847,913.1947154439695,1732.3077209626401,893.3207118660239
377,[GLS2013] 47 Tuc  90272        ,HB*,6.037275,-72.0583,0.023597375813057046,408.45072286810955,2257.948430596153,398.4342440779044,2238.0683356835343
378,Cl* NGC  104  AGBWF  3-11      ,BY*,6.06017625,-72.08479416666665,0.012115438611708882,2214.148633483468,1460.4833414031857,2204.135795855843,1440.6114929396263
379,[MSS2012] 27                   ,*  ,6.015754166666667,-72.07908333333333,0.0031092563660087397,1960.8436720366751,2496.423861390037,1950.826103294906,2476.5508562109353
380,[MSS2012] 13                   ,*  ,6.05430498557,-72.08132802512,0.009838552925533468,1987.7685742462543,1627.653516110238,1977.7549731074996,1607.7806338875785
384,Cl* NGC  104    MAM M56964     ,BS*,6.024208333333333,-72.08091666666667,0.0007828283717414877,2062.0806838689414,2290.8693204763676,2052.0640538636176,2270.996777703858
385,Cl* NGC  104  AGBWF  4-5       ,EB*,6.060912916666667,-72.09454749999999,0.017677888252929437,2905.373900640214,1335.5243928141244,2895.3616340796607,1315.655700939115
386,[BH2018] J006.019451-72.080420 ,*  ,6.019450999999998,-72.08042,0.0013541265279765431,2043.1581580332418,2400.5387871115236,2033.1410271751515,2380.666157897563
387,[BH2018] J006.032476-72.089880 ,*  ,6.032476,-72.08988,0.008994439414590926,2671.110536673984,2009.6226954786807,2661.0951912151227,1989.7529341209122
388,Cl* NGC  104     LW      16    ,*  ,6.057134477039998,-72.08123159256,0.010710544775464586,1971.1894233645826,1566.809414536996,1961.1761000935826,1546.9364565758385
389,Cl* NGC  104  AGBWF  4-17      ,*  ,6.048132083333333,-72.10880388888889,0.028486282109782046,3963.2758750483795,1455.7131861222038,3953.2630605636054,1435.8493255676913
390,2MASS J00240113-7203185        ,HB*,6.004715000000001,-72.055161,0.026837091485835563,297.6082891557535,3006.550604142074,287.5883921757627,2986.6700023441813
391,Cl* NGC  104    TUC    1335    ,*  ,5.929358333333332,-72.06834166666665,0.03147128146728518,1496.490394735959,4508.468149710227,1486.463637704352,4488.593021226128
394,Cl* NGC  104    ODS      14    ,*  ,5.939958333333333,-72.09591666666667,0.02917517779871192,3420.3713169972466,3964.7512090825408,3410.347041877826,3944.884868863575
395,Cl* NGC  104    EGG V22        ,BY*,6.019872083333334,-72.08223,0.0010902044784836175,2170.4374598833965,2371.0381022173656,2160.4204637395665,2351.166054299258
396,2MASS J00240517-7205525        ,RG*,6.021549305540002,-72.09787184915278,0.016429155291520437,3277.1443683812768,2159.0592609071823,3267.1283406779576,2139.192267322508
397,Cl* NGC  104    DPF    1206    ,*  ,6.0324333333333335,-72.07844722222222,0.004318436831013563,1858.104925232361,2138.5225047004446,1848.0889910075862,2118.6490303878354
399,2MASS J00235186-7205011        ,RG*,5.96620675679,-72.08357175326,0.017396454809077002,2451.4191139600243,3530.078448789549,2441.396824347361,3510.2076834518834
400,2MASS J00240275-7203181        ,RG*,6.011528832889999,-72.05502153855,0.026631320840514623,264.13146909367015,2858.8089298882105,254.11224678246208,2838.928175362758
401,2MASS J00240673-7204260        ,AB*,6.028102375219999,-72.07390575938,0.007745191326617793,1550.0188109277888,2284.1653510454394,1540.0022116592645,2264.2904696781343
402,NGC   104    17                ,*  ,6.034604166666668,-72.07539722222222,0.007129947236412899,1633.6974648297835,2125.14200271295,1623.6815917572749,2105.2675035381885
403,Gaia DR3 4689627447091825792   ,Pe*,6.0163336025654175,-72.11309177127971,0.031700948257335826,4377.581639415235,2102.4415703785817,4367.565871305758,2082.579602439365
404,[BH2018] J006.017577-72.078770 ,*  ,6.017576999999999,-72.07877,0.003048052325055387,1932.2703125439807,2460.044798417533,1922.2529099482697,2440.171662755893
405,[BH2018] J006.013633-72.084260 ,*  ,6.013633,-72.08426,0.003883888254278233,2336.33346182644,2484.7870144887033,2326.3159461784535,2464.915724202759
406,Cl* NGC  104    EGG V14        ,BS*,6.020833333333334,-72.08,0.0015159928523271905,2008.51995639352,2374.9958989238894,1998.5029421943516,2355.1231115209002
407,Gaia DR2 4689627447091780480   ,CV*,6.043875074439582,-72.10638096368277,0.0258014221070425,3805.558105047216,1575.8200982176472,3795.544741766892,1555.9555175100759
408,Cl* NGC  104    TUC    1321    ,*  ,5.923145833333333,-72.091225,0.032036635571465945,3145.2413565674306,4385.386084038955,3135.215160280666,4365.518486591999
410,Cl* NGC  104    TUC    1697    ,*  ,6.09645,-72.10002499999999,0.029406711706300794,3173.3294286792216,497.4432841323844,3163.3209901886607,477.5758148969044
412,[GLS2013] 47 Tuc  87408        ,HB*,5.975454166666666,-72.07151388888889,0.01751329024199597,1561.8871855821249,3463.551996726622,1551.8652003411185,3443.6771686742372
414,2MASS J00235912-7203597        ,AB*,5.9964422461887485,-72.0665822561011,0.016863234769009118,1138.489862506351,3059.498158943472,1128.4697228129057,3039.621397572943
415,Cl* NGC  104  AGBWF  2-30      ,*  ,6.06184,-72.06244249999999,0.022560940012344384,618.5606938039609,1673.4849558193473,608.5468837026551,1653.6058206378843
416,Cl* NGC  104  AGBWF  2-19      ,BY*,6.0293925,-72.07062555555555,0.011035109751157762,1312.2709543916408,2292.6498697361867,1302.254316481205,2272.773902567293
417,Cl* NGC  104  AGBWF  2-20      ,BY*,6.018813333333333,-72.06570472222222,0.015776879299492872,998.7753499797436,2579.4370343812693,988.7574026294376,2559.559635315053
418,Cl* NGC  104  AGBWF  2-23      ,BY*,6.051207083333335,-72.06987638888889,0.014587919945839673,1183.8802287046326,1823.3712730786967,1173.8657338671107,1803.49471963748
419,GES J00235716-7204172          ,*  ,5.988204089874999,-72.07148514684278,0.014473342112109629,1515.6784204340552,3184.76176915044,1505.657708393619,3164.8867303624165
420,GES J00241224-7204118          ,RG*,6.05104245821125,-72.06996975361555,0.014483011771777092,1191.0872375375743,1825.9331414090807,1181.072730999825,1806.0566208820048
423,Cl* NGC  104  AGBWF  2-8       ,EB*,6.062985833333333,-72.06015805555556,0.02469323385465993,452.12994190627546,1673.8707623355378,442.11613015219314,1653.9908670887005
424,Cl* NGC  104  AGBWF  2-11      ,XB*,6.0584708333333355,-72.06754444444444,0.0178029896419222,993.0397227961912,1690.3429521588246,983.0258355174622,1670.465527169191
425,Cl* NGC  104    TUC    1332    ,*  ,5.929029166666666,-72.06838611111111,0.03154496502042038,1500.7973342909222,4515.171405913774,1490.7705466417121,4495.296297088244
426,OGLE SMC-ECL- 6244             ,EB*,6.014875,-72.05930555555555,0.02225749983321005,557.2538276950017,2737.445836229001,547.2351592167245,2717.5664205590783
428,Gaia DR3 4689638820168905088   ,*  ,5.9503499577708325,-72.07085401443888,0.024553191613483988,1602.0956815649356,4020.540410651227,1592.0711526530336,4000.665765440065
430,2MASS J00234917-7204050        ,RG*,5.954906820639581,-72.06805949725333,0.02469331185805302,1387.5434463153483,3952.3232707791535,1377.519229165844,3932.4476457209385
431,Cl* NGC  104    FBV      43    ,*  ,6.097333333333333,-72.06805277777778,0.026687634489244837,895.9131115877649,833.542450643517,885.9031369205863,813.6645817714068
436,Cl* NGC  104    FBV      42    ,*  ,6.087625000000001,-72.05905555555556,0.030088653858513833,289.1411320086729,1146.291376346413,279.1297294286601,1126.4107367033102
437,2MASS J00234943-7204266        ,RG*,5.9560282903695825,-72.07405407356723,0.021699771021056937,1809.9240848495945,3860.131905825652,1799.9002882946995,3840.2582101130447
438,2MASS J00240062-7203573        ,AB*,6.00267013004,-72.0659338468,0.016649093849707218,1070.8370658264762,2930.3989729345476,1060.8175157341004,2910.5219027050607
439,[GLS2013] 47 Tuc  91378        ,HB*,6.019155470540001,-72.0531812752,0.028280056834068444,106.89929829640619,2712.31491868599,96.880745106738,2692.4334462115958
440,2MASS J00235836-7203061        ,RG*,5.99345268942875,-72.05168247986916,0.03106173960853904,89.20036128197103,3292.4219035590554,79.17915925474631,3272.5403495293094
445,[MSS2012] 10                   ,*  ,6.034254166666667,-72.07556666666666,0.006929169342328673,1646.9546283216177,2130.9072166898036,1636.9387289169363,2111.0327780594453
446,Cl* NGC  104      R      12    ,*  ,6.046546478990001,-72.08594275281,0.008702639180087856,2342.6688658366475,1745.862983047868,2332.654724905112,1725.9917216479641
447,[LML2014] 100118               ,AB*,6.002433305659999,-72.07988188013,0.006317795398295896,2063.627183283769,2778.9712760559723,2053.608324138502,2759.098740174646
448,Cl* NGC  104  AGBWF  3-27      ,*  ,6.0793912500000005,-72.08859888888888,0.018954680952638626,2418.893817765268,997.6700685994456,2408.883093927057,977.7991547955173
452,[MSS2012] 46                   ,*  ,6.012512500000001,-72.08536388888889,0.004947926865057659,2418.7090334438444,2496.919695294364,2408.691462383381,2477.0487812203523
453,Cl* NGC  104    MAM M47149     ,*  ,6.027345833333333,-72.08455,0.0034678983509211165,2309.6844194923538,2181.522473359081,2299.6682888714536,2161.6510614011117
454,Cl* NGC  104    EGG V48        ,*  ,6.043683333333333,-72.0833111111111,0.00682964197645655,2165.3329019155603,1837.9236650534422,2155.3183405041013,1818.051593808411
455,2MASS J00234949-7204500        ,RG*,5.956152428639999,-72.08054447894,0.020380625075554857,2271.028517252947,3784.183353405107,2261.0050672134685,3764.3117638565604
457,Cl* NGC  104    SAW V1         ,s*r,6.052774339019999,-72.11105318394,0.031052796558209576,4107.332295763094,1329.1517947757043,4097.320059567056,1309.2885919566593
458,2MASS J00240912-7203209        ,RG*,6.03805225571,-72.05578433385,0.026112727131177894,226.8436704111432,2269.059659671198,216.82714106802382,2249.178735350607
468,Cl* NGC  104     MV x2         ,*  ,6.032500000000001,-72.08583333333333,0.005389987356288408,2383.2100688867913,2054.391596817506,2373.1945188901473,2034.520520640896
469,Cl* NGC  104    DPF    2732    ,*  ,6.034354166666668,-72.08298333333333,0.004006818269941192,2174.12078895038,2045.7206596593956,2164.1052785316683,2025.8486285799138
470,Cl* NGC  104    DPF    2064    ,*  ,6.027033333333334,-72.08141944444444,0.0014475232845564425,2088.1044169884326,2223.4196691335,2078.0880950195465,2203.547245221045
474,GES J00242495-7204287          ,*  ,6.104069580043751,-72.07461497006777,0.02606394400547125,1339.6869320672854,613.1083380126754,1329.6779640436703,593.232495489219
475,Cl* NGC  104    DPF    1582    ,*  ,6.025266666666667,-72.08002777777777,0.0016804162006939026,1995.212322137794,2277.6669089015195,1985.1957524352833,2257.7940607409982
477,Cl* NGC  104  AGBWF  2-26      ,BY*,6.093529166666666,-72.06814472222221,0.025633730481163845,915.4763149457826,915.8386897112528,905.465964470169,895.9609102326986
478,[BH2018] J006.046974-72.084230 ,*  ,6.046974,-72.08423,0.00807729313850176,2219.3756103359283,1755.6510032303754,2209.3614246738694,1735.7791787682636
479,2MASS J00241755-7204385        ,AB*,6.07313912165,-72.07737008111,0.016156334562738604,1641.5862908618853,1259.5890577609484,1631.5743705817313,1239.714594421655
480,[MSS2012] 61                   ,*  ,6.024225000000001,-72.07881666666665,0.0026917431529415985,1912.664649935835,2314.030176106866,1902.647914177774,2294.1569509439423
481,CXOGlb J002410.2-720401        ,XB*,6.042570833333333,-72.06708611111111,0.015651689737486867,1015.13103864544,2043.6776685085547,1005.1155378452511,2023.8003443778434
482,CXOGlb J002407.8-720524        ,XB*,6.032633333333334,-72.09010555555554,0.009222824952541836,2686.6115565709747,2003.6568266832642,2676.5962383646283,1983.78713611632
484,Cl* NGC  104  AGBWF  4-3       ,EB*,6.078312500000001,-72.1007611111111,0.025874579730915084,3287.72656237303,885.7974989308702,3277.716350235093,865.9305526645578
487,Cl* NGC  104  AGBWF  3-8       ,EB*,6.066762499999999,-72.08098888888888,0.013678327748585087,1920.8727368942393,1358.8117601210392,1910.8603635209354,1338.9385722721936
488,Cl* NGC  104    MAM M58539     ,EB*,6.02591,-72.08115777777778,0.0011383897842928736,2073.364618321008,2250.9315611049697,2063.3481707091155,2231.0590698703777
489,2MASS J00240514-7204542        ,LP*,6.021285122732916,-72.08176982871278,0.00045722263527216237,2132.836952214387,2345.276197122692,2122.8200737271422,2325.4039774858443
490,Gaia DR3 4689639537419423616   ,*  ,5.99781652099,-72.06531480692611,0.017807066743208352,1043.5971283912697,3043.6424974076117,1033.5770611913035,3023.7653026573935
491,Cl* NGC  104  AGBWF  4-4       ,XB*,6.035700000000001,-72.0931,0.012359779123529053,2889.03848803837,1903.0762644409206,2879.0236292921077,1883.2074983121522
492,2MASS J00234700-7205231        ,AB*,5.945893941509999,-72.08975481685,0.024936649202013834,2961.5940623824076,3904.5959737622707,2951.5700620953485,3884.7275381718528
493,GES J00240641-7203042          ,RG*,6.0267492210775,-72.05118437644,0.03029065946163257,-61.34390948514056,2568.2594975477245,-71.3618046759143,2548.377256827468
497,Cl* NGC  104    EGG V13        ,*  ,6.006045833333333,-72.07975277777777,0.005287930189118272,2041.9670094067365,2701.3681697282045,2031.9485046773323,2681.4955349625898
498,Cl* NGC  104    DPF    2588    ,*  ,6.025083333333333,-72.08315833333333,0.0019119016216124864,2218.499626566023,2246.6115931090335,2208.48319867786,2226.7397647085545
499,Cl* NGC  104    TUC    1698    ,*  ,6.096475000000001,-72.10007222222221,0.029442502259406863,3176.6032297118463,496.3716937112622,3166.5947961193997,476.504239424469
500,[MBV2011] 25934                ,*  ,6.089622151532083,-72.07696872353249,0.021184381289399284,1556.5541379924198,903.2381532010206,1546.5438450729262,883.3633012953942
501,[BH2018] J006.015049-72.085400 ,*  ,6.015049,-72.0854,0.004545578132385782,2412.527075601586,2441.024115622852,2402.5097598205575,2421.1531733258603
502,2MASS J00235849-7203453        ,RG*,5.993787964029999,-72.06257976731,0.02081015793377764,863.0268192185183,3162.603922569801,853.0062089632579,3142.725902982519
503,GES J00241743-7205594          ,*  ,6.072787507551251,-72.0997788489111,0.0240190411103574,3236.7761004415684,1017.5335707689169,3226.7652865520467,997.666391993514
504,GES J00241951-7204310          ,*  ,6.0814429116512505,-72.0752590032914,0.01921314566946076,1462.9509264153426,1101.3266854620456,1452.9397288664627,1081.4514062479564
505,[GLS2013] 47 Tuc  86062        ,HB*,6.095099,-72.078049,0.022646752526890152,1614.6552284967102,771.3315184337644,1604.645537976998,751.4569317353398
507,Cl* NGC  104    FBV       8    ,*  ,5.93667943364,-72.09282929976,0.028698165484621806,3212.233282523086,4071.33405883794,3202.2085206192096,4051.4667678240285
508,2MASS J00235019-7203336        ,HB*,5.95913573778,-72.05937337301,0.029420895512313083,755.1749655833739,3957.7105706153125,745.1507246513329,3937.8320572332595
509,[MMC2016] N104i-200149         ,*  ,6.083875,-72.06819444444443,0.023116476812770594,952.0854314229698,1126.725666550135,942.0741179257805,1106.8480543765986
510,Cl* NGC  104    AKO       8    ,*  ,6.020416666666667,-72.0825,0.0012084712781718838,2187.762793382683,2356.0961859597946,2177.745865477423,2336.2242171694966
511,Cl* NGC  104    AKO       7    ,*  ,6.019166666666667,-72.0825,0.0014355670925152212,2192.072888111129,2383.4469157953517,2182.055835293795,2363.5749666848847
512,Cl* NGC  104    EGG V29        ,BY*,6.034012500000001,-72.08700833333333,0.006623727815506804,2461.575016346255,2008.1524718285007,2451.5596775438717,1988.281753533367
514,Cl* NGC  104    EGG V19        ,EB*,6.018104166666667,-72.08370833333333,0.002610494982564254,2281.675996007897,2393.1496934625357,2271.6588988739704,2373.278153570947
515,Gaia DR3 4689627580247265024   ,HB*,6.123151631835833,-72.09191334939639,0.03273018081118708,2505.1452719601525,3.535817662325826,2495.139088521206,-16.33470366342226
516,[SBC2007] NGC 0104  63549      ,SB*,6.0069,-72.0905,0.010223804909906348,2803.358704129462,2562.0590861584683,2793.3408356013497,2542.189928798127
517,[SBC2007] NGC 0104  26528      ,SB*,5.9889,-72.0966,0.01831352183986526,3299.351397273887,2887.12626711015,3289.3320441700807,2867.2593749363805
518,[SBC2007] NGC 0104 107261      ,SB*,6.006500000000001,-72.0734,0.009404309411652472,1588.5900208178132,2762.7305656136505,1578.5712360397001,2742.855860181712
519,2MASS J00235703-7204255        ,SB*,5.9877586031200005,-72.07376752755,0.013119051176491026,1679.5351280710302,3168.847245559942,1669.5144885926056,3148.9729551629835
520,[MMC2016] N104i-201037         ,*  ,5.9533749999999985,-72.0946111111111,0.0249621233214379,3280.948945961073,3686.1905460909966,3270.9259431671617,3666.323569364156
522,Cl* NGC  104    MAM M60466     ,*  ,6.027129166666667,-72.08063333333332,0.0016849059972173547,2031.8630980838816,2230.126449568422,2021.8467454914417,2210.2537687989084
524,Gaia DR3 4689627447098335360   ,EB*,6.020776000363334,-72.10954082996611,0.02810044266657552,4109.735340389472,2045.194574091995,4099.719833469873,2025.3313828748305
526,CXOGlb J002407.8-720441        ,XB*,6.032516666666668,-72.07821388888888,0.00450136177567877,1841.2221484048318,2139.310330089844,1831.2062105843975,2119.4367786739313
527,2MASS J00234736-7203322        ,AB*,5.947420106040001,-72.05894776693,0.03221651830362386,765.6408863238933,4219.137187622922,755.6154515895278,4199.258721535627
528,Cl* NGC  104      R       8    ,RG*,5.960547012599999,-72.07254595167,0.02099209560092711,1686.9906191696325,3778.2388896198527,1676.9671967145564,3758.3646325399595
529,2MASS J00243043-7205095        ,RG*,6.126864250219999,-72.08597601767,0.03247554343629333,2070.0977995100966,-11.885429219662,2060.091686089826,-31.757937178782413
531,2MASS J00235767-7205296        ,pA*,5.98988523536,-72.09151090401,0.014174515719423382,2934.0260161548704,2922.804638802761,2924.006500018898,2902.936078108927
532,Cl* NGC  104    SAW V8         ,LP*,6.0358005112900015,-72.06521022922,0.016755386849608228,905.0246429928557,2212.9362460528837,895.0083693374422,2193.058419016662
534,Cl* NGC  104      R      11    ,AB*,6.090366374029999,-72.07396616645,0.02223235038590556,1340.4181177556584,920.3483031152978,1330.4077466704164,900.4724642039014
537,GES J00241069-7203067          ,*  ,6.044602630213334,-72.05189505252389,0.030334827876280824,-72.35644299733804,2168.9955303249376,-82.3725150971477,2149.1132396191697
538,GES J00242182-7204400          ,*  ,6.091006174141668,-72.077773952975,0.02144799596791965,1609.0963932388888,863.9831303368762,1599.0862795984233,844.1085183383284
539,Cl* NGC  104    TUC    1734    ,*  ,6.109916666666668,-72.07285555555555,0.028289186703435058,1194.5394987772231,504.61913432268466,1184.531026157728,484.7426288608915
540,GES J00240134-7206500          ,*  ,6.005579999999999,-72.11389,0.032851519024613,4471.403900718155,2328.382827487654,4461.387100639544,2308.5212881550974
541,Cl* NGC  104    EGG V46        ,EB*,6.024073333333334,-72.08031638888889,0.001249194320718803,2019.8523788076945,2300.5482954359804,2009.8357046047258,2280.6755598026675
542,Cl* NGC  104  AGBWF  2-27      ,BY*,6.023750833333334,-72.07185361111111,0.009600807205399383,1419.0654671673508,2402.4159794162174,1409.0483279365628,2382.5404999401576
543,Cl* NGC  104  AGBWF  2-37      ,*  ,6.0542050000000005,-72.06543111111111,0.01878000581314332,857.3851432922099,1807.3662482154932,847.370721692828,1787.4882037072243
544,Cl* NGC  104  AGBWF  3-21      ,BY*,6.0774375,-72.08456277777778,0.01723786538972801,2138.4859317380487,1085.3731808954656,2128.4748072109196,1065.5009866365613
545,Cl* NGC  104  AGBWF  3-22      ,XB*,6.063829166666667,-72.08056111111111,0.012798911112515802,1900.5113663011234,1427.7799028077047,1890.4986779535616,1407.906622009299
546,Cl* NGC  104  AGBWF  2-12      ,XB*,6.056495833333334,-72.0797861111111,0.010642348367160406,1870.5672338696854,1596.9237464807861,1860.5537730583053,1577.0503290061474
548,Cl* NGC  104  AGBWF  2-15      ,XB*,6.046079166666667,-72.07889722222221,0.007738765638703738,1843.146540436677,1834.8336113667624,1833.131993121111,1814.9600687283503
553,CXOGlb J002404.8-720446        ,XB*,6.020425,-72.07949722222222,0.002033451460830642,1974.1692090327467,2389.5663966231377,1964.152128296949,2369.6934523358277
554,Cl* NGC  104    DPF    2850    ,BS*,6.0240583333333335,-72.08421944444444,0.002825528362202067,2297.5015167693186,2257.1512084513515,2287.485040746445,2237.279740851359
555,Gaia DR3 4689638064253949184   ,*  ,5.953823677636249,-72.08136266627555,0.02107693029626117,2337.2952117292775,3825.900603914355,2327.2715711262304,3806.0293169806373
556,[SBC2007] NGC 0104  55706      ,SB*,6.0294,-72.0852,0.004340023635179113,2348.8393502372196,2129.3023221852295,2338.823458112128,2109.431089045513
557,[SBC2007] NGC 0104  61863      ,SB*,6.0127,-72.084,0.003912337959811988,2321.0609989040627,2508.115534321678,2311.0433767141008,2488.2441742796673
558,[SBC2007] NGC 0104  22875      ,SB*,6.0072,-72.108,0.026959837064308788,4046.9228901129336,2359.099655143639,4036.905949284928,2339.2361772044283
559,[SBC2007] NGC 0104  29053      ,SB*,5.9744,-72.1069,0.029413168166521172,4081.9839717151654,3088.1281265414464,4071.963700885225,3068.264808751822
560,[SBC2007] NGC 0104  30718      ,SB*,5.9659,-72.0993,0.02489867332945073,3570.9539262317116,3359.507631701881,3560.9324155986087,3339.641979783455
561,[SBC2007] NGC 0104  70896      ,SB*,5.9811,-72.0835,0.012849538904724567,2394.7166495411198,3205.071337724993,2384.695844288985,3185.2003137117376
562,[SBC2007] NGC 0104 106521      ,SB*,6.0083,-72.078,0.005522493857166159,1909.5251243177786,2671.7087283163173,1899.5067550814902,2651.8354886879583
563,[SBC2007] NGC 0104 110506      ,SB*,5.9949,-72.0799,0.00857949718979097,2090.952738671913,2943.614959742347,2080.9331275965264,2923.742548563247
564,[SBC2007] NGC 0104 132812      ,SB*,6.057000000000001,-72.0549,0.028610405735741286,98.70541603206948,1863.7166329276397,88.69073769011106,1843.8351235951054
565,[SBC2007] NGC 0104 133593      ,SB*,6.051199999999999,-72.0623,0.021106652311917246,645.0100306723386,1908.1606287673264,634.9951489343098,1888.281614347635
567,[LML2014] 100125               ,AB*,6.0229324,-72.0843986,0.002959978810289983,2314.1240068178154,2279.777948525622,2304.107427459738,2259.906556840454
568,[LML2014] 100148               ,AB*,6.0283392,-72.0802692,0.0021910036337854794,2001.79530007139,2207.7244850834877,1991.7790497895785,2187.8516669971527
569,[GLS2013] 47 Tuc  82339        ,HB*,6.077559008059999,-72.09586315027,0.022280301025875093,2941.8993514437398,956.832178843393,2931.888814514736,936.9636533911444
572,Cl* NGC  104    EGG V50        ,*  ,6.043805,-72.08397555555554,0.007075148927073821,2212.1742545236852,1827.8333045511786,2202.159739202212,1807.9614472223348
573,2MASS J00234806-7206026        ,RG*,5.9503426174200005,-72.10073768843,0.02936392560474999,3727.129733455574,3683.317150744703,3717.106743828264,3663.452211899579
574,GES J00235230-7205362          ,*  ,5.968050199105833,-72.09339374792806,0.020530144365484275,3143.4960510300893,3379.066733588047,3133.474450999856,3359.199129327876
577,Cl* NGC  104   GYSB     801    ,*  ,6.0513666666666674,-72.07947222222221,0.009149383856187042,1865.8655952266479,1712.6856853487593,1855.8516057446998,1692.812246439359
578,Cl* NGC  104    EGG V27        ,BY*,6.035400000000001,-72.08339722222222,0.004470299366528136,2199.958439310711,2018.2057203392683,2189.943054555089,1998.3338072564002
579,Cl* NGC  104  AGBWF  4-8       ,XB*,6.031345833333333,-72.10558055555555,0.024294804461831267,3791.694554697001,1858.5865258288372,3781.679899822671,1838.7218820260687
580,Cl* NGC  104  AGBWF  2-25      ,BY*,6.020330416666667,-72.07357916666666,0.00788929099424532,1553.5889804361382,2457.9614091977837,1543.5715874843581,2438.086544074089
581,[MSS2012] 82                   ,*  ,6.017737500000001,-72.07815277777777,0.0035820564899006844,1887.8186247523433,2463.451531957584,1877.8012066097497,2443.578193280861
582,[MSS2012] 14                   ,*  ,6.0323583333333355,-72.08616944444444,0.005643071496127771,2407.6035930151934,2053.728784216706,2397.588046049801,2033.8578194441322
584,Cl* NGC  104    EGG V41        ,BY*,6.036487500000002,-72.08543333333333,0.005906103944459538,2341.03447274256,1971.6303810899938,2331.0193007152066,1951.7591122873241
589,Cl* NGC  104    EGG V21        ,EB*,6.022666666666669,-72.08251666666666,0.0010772381185367302,2181.191434425716,2306.6779053312944,2171.1747322141928,2286.8059065367474
590,Cl* NGC  104    EGG V42        ,XB*,6.0085625,-72.0839361111111,0.004913817942274317,2330.7962365289463,2599.3538561628684,2320.778197646635,2579.4825405551
591,CXOGlb J002405.6-720504        ,CV*,6.0235916666666665,-72.08458611111111,0.0031655835524024315,2325.1882259835998,2263.2533945385226,2315.171722094713,2243.3820533846015
592,[GHE2001] W32                  ,CV*,6.0239467098,-72.08038944149,0.0011664955471631122,2025.4845700701885,2302.500842609551,2015.4678869483228,2282.6281326995927
594,Cl* NGC  104    EGG V8         ,EB*,6.014433333333334,-72.08477777777777,0.004124487995738912,2370.397475786393,2461.4707094869955,2360.3800666250127,2441.599574778765
597,Cl* NGC  104  AGBWF  4-2       ,XB*,6.050070833333334,-72.08557222222221,0.009480022464828082,2304.200320900961,1672.8962508078475,2294.1865132025564,1653.024813698786
601,2MASS J00240462-7204462        ,CV*,6.019242110919166,-72.0795008764711,0.0021632452419881204,1978.5084415071049,2415.41193968574,1968.4912427361583,2395.5390152087466
602,Cl* NGC  104    SBG V3         ,CV*,6.026226661171667,-72.07926703855972,0.0024857913132904103,1937.7973812554494,2265.1790357485024,1927.7808685916593,2245.3059253758797
603,[SBC2007] NGC 0104  68514      ,SB*,5.991,-72.0814,0.009638995112915511,2211.1155833420785,3012.0923741734155,2201.095659489935,2992.220511756259
604,[MSS2012] 75                   ,SB*,6.014170833333334,-72.079675,0.0030711227883298713,2008.3869932910693,2524.43880942324,1998.3692965960431,2504.5660213692945
610,2MASS J00240892-7202595        ,LP*,6.037120695429999,-72.04987503435,0.03189628532830291,-190.2478337508055,2355.582916072737,-200.26475767531974,2335.700086824209
615,[GLS2013] 47 Tuc  81656        ,HB*,5.978595833333333,-72.0991222222222,0.022212015769468543,3514.355679505489,3084.003064904324,3504.3354272358283,3064.1371546270598
618,CXOGlb J002407.7-720527        ,CV*,6.031391345530001,-72.09170139735,0.010628939490989246,2804.390157484906,2012.9578048795167,2794.374796840576,1993.0886522036355
620,2MASS J00242467-7203387        ,RG*,6.102886733640001,-72.06073493515,0.03230871356851457,356.33717977386823,793.2098658972691,346.327389421567,773.329532954637
621,GES J00241986-7204482          ,*  ,6.08289390375,-72.08007385679,0.018684661604248726,1800.4786325320242,1015.9550980270208,1790.4678249129588,996.0813601349778
622,Cl* NGC  104  AGBWF  3-17      ,BY*,6.09072375,-72.07374527777777,0.022410986900110418,1323.4814636623655,914.9808502776402,1313.4711170861656,895.1049340171644
623,[GLS2013] 47 Tuc  85126        ,HB*,6.117525,-72.082125,0.029295770089376803,1827.983705484628,235.19616413305903,1817.9764634911169,215.32255096468361
624,NGC   104     3                ,*  ,6.063179166666667,-72.0787111111111,0.012862803162876607,1771.1513391954468,1462.6451771559662,1761.138491607102,1442.7713056133066
625,Cl* NGC  104  AGBWF  2-3       ,EB*,6.0653250000000005,-72.07814166666667,0.013635525152042695,1723.2804844668503,1422.0296783597819,1713.2678223596245,1402.1555881834156
626,Gaia DR3 4689639610441292544   ,HB*,6.1039914229641665,-72.06237457652333,0.03155241726564954,469.1979591309148,750.7911026741256,459.1883624342595,730.9112850960494
627,Cl* NGC  104  AGBWF  2-32      ,XB*,6.057300000000001,-72.0596,0.024353205969547913,431.98121005347116,1804.6731828839836,421.9668010295709,1784.7931956030122
628,CXOGlb J002405.2-720446        ,CV*,6.021733333333334,-72.07960833333333,0.0018452404830772329,1977.560376874678,2359.6894967694734,1967.543432583663,2339.8165679770027
630,[MSS2012] 55                   ,*  ,5.988313495860001,-72.08906905387,0.012946609117128834,2765.8046729106018,2984.6344900537533,2755.784874372434,2964.7651610307034
631,Cl* NGC  104    TUC    1355    ,*  ,5.93752090937,-72.06075044899,0.033313976901045456,928.2791071488448,4415.589343225471,918.2527750691127,4395.711619582709
632,Cl* NGC  104     MV x3         ,*  ,6.0392524110900005,-72.08027079078,0.0053374865068149665,1964.3298767420715,1968.881762619093,1954.3147172398872,1949.0087734311376
633,[MSS2012] 42                   ,*  ,5.99958687353,-72.0889439104,0.010255740664206158,2717.9411518814154,2739.476143158967,2707.92247303709,2719.6065956417206
634,[MSS2012] 34                   ,*  ,6.03462320975,-72.07066471523,0.011424437376840275,1297.0319789020828,2177.68365564364,1287.0158660070847,2157.8076189136723
635,2MASS J00235676-7205095        ,RG*,5.986536331539999,-72.08598067289,0.011908656757996931,2552.317537408028,3058.2383266388315,2542.2974027245705,3038.368022532439
636,Cl* NGC  104     LW      19    ,*  ,6.09656210826,-72.07301712001,0.024348934312472065,1251.6989707855155,795.2442533013893,1241.6891709999954,775.3680091414024
637,Cl* NGC  104    EGG V31        ,BY*,6.028291666666667,-72.08024999999999,0.002189092482910814,2000.5934923435682,2208.979689281429,1990.57723633137,2189.106865705171
638,2MASS J00242143-7204375        ,*  ,6.089326000000001,-72.07710999999999,0.021065722079724816,1567.6178258408027,908.1494276440544,1557.6075104944325,888.2746262664207
639,[BH2018] J006.007275-72.078860 ,*  ,6.007274999999999,-72.07886,0.005304187569623052,1974.2279164813544,2684.4895728082092,1964.2094888550873,2664.6166286787784
640,[MSS2012] 72                   ,*  ,6.019723580450001,-72.08699354355,0.005606687657565111,2509.7436877663654,2320.897836280711,2499.7269206227247,2301.027337990427
641,[MSS2012] 73                   ,*  ,6.05739035601,-72.07457896455,0.012788248875727357,1497.1138010081754,1635.4761626923269,1487.100164147034,1615.6010397279035
642,[GLS2013] 47 Tuc  80717        ,HB*,6.05282660994,-72.10367656996,0.024128867254326673,3582.465740331374,1410.3981837346598,3572.453132393769,1390.532584054075
643,2MASS J00240728-7206292        ,RG*,6.030283782814584,-72.10812285732139,0.026790271290365573,3976.167149428833,1853.3341963087032,3966.152518736356,1833.4703949709121
646,[CBG2009] NGC  104   23821     ,RG*,6.006534645840001,-72.08319386414,0.005164511647051013,2285.0084217093417,2652.050270075334,2274.99014216527,2632.178745331771
648,2MASS J00241299-7203515        ,AB*,6.05416310847,-72.06431057224,0.01973789001102898,777.8267190157994,1820.797169039588,767.8122361306405,1800.918761195315
649,Cl* NGC  104  AGBWF  3-14      ,XB*,6.088633333333334,-72.08417222222222,0.02057953596635621,2072.3612269917508,844.7342081613308,2062.3512014261955,824.8617117081817
650,2MASS J00234183-7204179        ,*  ,5.924326986604999,-72.07162840294278,0.03171700422414002,1747.7237865956158,4581.406270919317,1737.6966961593646,4561.532289819497
651,[SBC2007] NGC 0104 129292      ,SB*,6.076668098489583,-72.06010537619417,0.02711411300193796,401.39737291989945,1374.6814925636659,391.3849273858609,1354.8013656193584
654,2MASS J00234806-7204151        ,*  ,5.950262,-72.07088499999999,0.02456426372965771,1604.6047417644982,4022.1160097158718,1594.5802056547773,4002.2413759618757
656,Cl* NGC  104    TUC    1349    ,*  ,5.93541540615,-72.06638117831,0.030700603113926687,1335.9931344071942,4398.033302391293,1325.9668819088652,4378.1574410493995
657,[MSS2012] 51                   ,*  ,6.00506061974,-72.08562908462,0.006762543582006217,2463.2901106275763,2656.964385313496,2453.2718086257473,2637.0936748019503
658,Cl* NGC  104    DSZ       8    ,BS*,6.0272499999999996,-72.07624999999999,0.00541063694409107,1719.687853707776,2276.5715211510196,1709.6712890648307,2256.697414666434
660,[MSS2012] 52                   ,*  ,6.022270833333335,-72.07823888888889,0.0032056058045711686,1878.3084914377307,2363.2713483876096,1868.2915308084166,2343.3979663070913
661,Gaia DR3 4689639404274151296   ,EB*,6.109939492871251,-72.06660886681944,0.030777055098776995,750.078178448849,573.4663073970269,740.0693914243307,553.5877723454307
662,2MASS J00240310-7203482        ,AB*,6.012999080700001,-72.06338117585,0.0182901530690124,853.5966551458189,2732.831010379655,843.5780074434203,2712.952948152425
663,Gaia DR2 4689639266843964032   ,CV*,6.043372010250416,-72.08711830875194,0.00860781109452131,2437.1970240556507,1802.1711150744354,2427.1826259860854,1782.3002853934522
665,2MASS J00241142-7206126        ,AB*,6.0476730951699995,-72.10350578324,0.02339722729967864,3588.0105261704975,1524.9486958188731,3577.997395021326,1505.083121565105
666,2MASS J00241003-7206296        ,AB*,6.041879525323749,-72.10822573236945,0.02744749142102928,3943.625134855076,1598.802387261329,3933.611666755804,1578.9384371033666
667,Cl* NGC  104  AGBWF  4-26      ,CV*,6.061666666666667,-72.0995,0.021733320109526104,3255.0597573239547,1263.7787340949553,3245.04781874337,1243.911639084938
668,Cl* NGC  104  AGBWF  4-23      ,*  ,6.02750125,-72.10429194444444,0.02290277858445618,3713.270150070991,1957.0364406448605,3703.2550454406987,1937.1714387436657
669,Cl* NGC  104  AGBWF  4-14      ,BY*,6.03965625,-72.10022833333333,0.01952497161956869,3382.4404528629493,1736.8303786959464,3372.4263537504444,1716.9638657960618
670,Cl* NGC  104  AGBWF  4-25      ,*  ,6.084292083333334,-72.09957777777778,0.026303816490111417,3183.086795508682,768.2412234280646,3173.077120183453,748.3737991540818
671,Cl* NGC  104    FBV      35    ,*  ,6.059539085609998,-72.10967244986,0.030457863427311074,3985.9209341789992,1196.7595785998892,3975.9093025548154,1176.8958211659449
672,Cl* NGC  104    MAM    zet     ,*  ,6.017541666666667,-72.10202777777778,0.02063590967136962,3586.5294455723397,2200.0856913082553,3576.513230685171,2180.2201106941357
673,Cl* NGC  104  AGBWF  4-16      ,*  ,6.019208333333334,-72.10166666666666,0.020244979443112345,3555.1048314424593,2167.7041694885693,3545.088764436611,2147.8384453476983
674,Cl* NGC  104    TUC    1593    ,*  ,6.045100000000001,-72.1111111111111,0.030481363389000125,4137.792239873157,1496.177260842716,4127.779240782588,1476.3141973113513
675,Cl* NGC  104    FBV      20    ,*  ,5.977227964111666,-72.11050146417777,0.03219554613269352,4328.31657217735,2985.7933846674778,4318.296768971978,2965.9311919505867
676,CXOGlb J002409.2-720543        ,CV*,6.0384125,-72.09551944444443,0.014918862220460842,3051.792809458264,1816.6928137359546,3041.778345344387,1796.8247908523329
677,CXOGlb J002411.8-720443        ,CV*,6.049645833333333,-72.07884444444443,0.008797923150206326,1827.128429294808,1757.361625462128,1817.1142357833535,1737.4880096557788
678,Cl* NGC  104    FBV      13    ,*  ,5.95523522578,-72.10545258475,0.031653577703496055,4045.43480405565,3523.1847050350502,4035.412545967676,3503.3212201209935
679,[MSS2012] 71                   ,*  ,6.047122367719999,-72.09323113874,0.014038356258666397,2859.09307700082,1651.811523932115,2849.079365836069,1631.9426209259339
680,Cl* NGC  104      R      58    ,*  ,6.04501996148,-72.08402538347,0.007442514958463926,2211.540288143833,1800.6926639773997,2201.525896774155,1780.8208037459522
681,2MASS J00242170-7204133        ,LP*,6.09057470527,-72.07032373566,0.023765483335212216,1080.598869297436,956.3063656153747,1070.5883340061782,936.4293402225601
682,Cl* NGC  104      R       6    ,*  ,5.992587760079999,-72.07807353196,0.009752322751363916,1969.0551518728828,3014.741300337457,1959.0352160156003,2994.8683323769883
683,Cl* NGC  104    FBV      31    ,*  ,6.029658811010001,-72.0582749207,0.023279144017907642,432.9245858433296,2425.0995458210355,422.9073437686184,2405.2195625769955
684,Cl* NGC  104    MAM M56966     ,BS*,6.027708333333334,-72.08091666666667,0.0017371202172632397,2050.019230669632,2214.279496225408,2040.002950448851,2194.4068983755105
685,[LML2014] 100167               ,AB*,6.04091080503,-72.09195411182,0.011963180697169638,2789.6138354764753,1801.9349329573806,2779.5994386216225,1782.065712724651
686,Cl* NGC  104     LW      13    ,*  ,6.032750000000001,-72.07547222222222,0.0067786413906698725,1645.4182185868726,2164.889836833286,1635.4021639922603,2145.0153911812167
689,2MASS J00242435-7204286        ,AB*,6.101517874739999,-72.07462293363,0.025304848167825314,1348.9786610875403,668.8885058624596,1338.9694383355663,649.0127058243427
690,[MSS2012] 91                   ,*  ,6.036605,-72.092468,0.011865852918882968,2840.9738635234216,1890.3556541543321,2830.959062853851,1870.4866685132843
691,Cl* NGC  104  AGBWF  2-5       ,EB*,6.044424583333334,-72.06461138888889,0.018155062618108585,832.7305191343355,2030.7446803052865,822.7150775012935,2010.8665231634156
692,Cl* NGC  104  AGBWF  2-47      ,*  ,6.03421125,-72.07422333333332,0.00809405871698499,1551.5578618280797,2146.8796954030886,1541.5418895084445,2127.0048210953482
694,Cl* NGC  104    EGG V17        ,EB*,6.039641666666667,-72.08460555555556,0.006193449353512323,2271.30480472536,1911.8812365884316,2261.2899055647226,1892.0096493227134
695,CXOGlb J002403.1-720447        ,CV*,6.0128458333333334,-72.07979999999999,0.0033493065665231615,2021.8495432968543,2552.0325159097288,2011.831720579509,2532.159789330922
696,CXOGlb J002402.5-720511        ,CV*,6.010554166666667,-72.08645833333334,0.0061854561385282685,2503.3038845621613,2527.483270710818,2493.2861739161817,2507.612742981335
697,CXOGlb J002410.7-720425        ,CV*,6.0448458333333335,-72.07380833333333,0.010311227427421686,1485.4312399694545,1918.7118241947264,1475.4163096499915,1898.8366479092483
698,Cl* NGC  104    EGG V38        ,BY*,6.0245983333333335,-72.08252694444444,0.001288091981128349,2175.2645917946747,2264.296390363194,2165.248083139669,2244.424364504856
699,[BH2018] J006.077583-72.067083 ,RG*,6.077620833333334,-72.0671,0.02225694042366473,895.677119960606,1275.8895946154755,885.6651253217722,1256.0117249044124
700,[DWS97] Tuc 1                  ,CV*,6.017875,-72.08269444444444,0.0018548160613453095,2210.3565182305256,2409.5294910179464,2200.3393462933036,2389.6576254044303
704,[APP2021] 88972                ,*  ,5.957458333333332,-72.08,0.020011446515822203,2227.7770278455746,3761.7536435050715,2217.753680269486,3741.8818564380235
705,Cl* NGC  104    DPF    1030    ,*  ,6.0270375000000005,-72.07832777777777,0.0034369131942249866,1868.1994105925355,2257.953085827973,1858.1829309426,2238.079657601084
706,Cl* NGC  104    DPF    1953    ,*  ,6.024304166666667,-72.08124444444445,0.0006397091952577094,2085.062959140075,2285.1002780339527,2075.0463554796256,2265.2278402226434
708,2MASS J00234765-7205375        ,RG*,5.948510267844166,-72.0937257242925,0.025812767019724125,3234.874594746805,3802.5427721515434,3224.8510605241827,3782.6755848674707
709,[LML2014] 100174               ,AB*,6.0424039,-72.0857888,0.007550564112481384,2345.962860406091,1838.215405841021,2335.9482976954273,1818.344159514308
711,[BH2018] J006.012450-72.079950 ,*  ,6.01245,-72.07995,0.003387107509793711,2033.8837749753056,2559.01219691381,2023.8659203794748,2539.139525294814
712,[BH2018] J006.021226-72.082700 ,*  ,6.021226000000001,-72.0827,0.00130061833772282,2199.1969693330293,2336.146213710976,2189.1801325393235,2316.274297144781
714,Cl* NGC  104    FBV      44    ,*  ,6.1033333333333335,-72.08027777777778,0.024950203475028115,1745.0438633819326,566.3189336701525,1735.0351091595662,546.444942187032
715,Cl* NGC  104  AGBWF  3-6       ,EB*,6.10607375,-72.07727888888888,0.026102673642716213,1522.3422653017656,539.6421130327253,1512.3336328229495,519.7671045366046
717,Cl* NGC  104    EGG V30        ,XB*,6.017270833333334,-72.08679722222222,0.005574361814140617,2504.2373132529187,2376.753107730598,2494.2202910107726,2356.8825842885503
718,[MSS2012] 74                   ,*  ,5.978811023689998,-72.07546329908,0.01466619530343998,1831.1145764505548,3345.610964241807,1821.0931296233023,3325.7373659700297
719,[MSS2012] 39                   ,*  ,6.00775211366,-72.0692415898,0.013001413440572273,1288.51831660378,2781.9871658121638,1278.499444074388,2762.111089894798
720,Cl* NGC  104    FBV      27    ,*  ,6.00624412394,-72.05020371496,0.03163092010582376,-60.24114875625173,3028.6843872830104,-70.26114629507947,3008.802151084079
721,2MASS J00240330-7203075        ,AB*,6.013816370429999,-72.05206774983,0.029493400662656828,46.14919327416828,2841.8095500647864,36.130048874729255,2821.9277999973965
722,Cl* NGC  104    FBV      25    ,*  ,5.99229983044,-72.05861646426,0.024628853015590754,586.3189985322008,3239.746833070629,576.2980363339798,3219.8675495927655
724,2MASS J00240289-7204369        ,*  ,6.012078000000001,-72.076935,0.005503157302977878,1820.738211250618,2600.9719835248825,1810.7201650907712,2581.0983384310125
726,Cl* NGC  104    EGG V5         ,CV*,6.042091666666667,-72.08085277777778,0.006109041546580792,1995.9549491471384,1900.2388104246988,1985.9401031317848,1880.3659656583745
728,Cl* NGC  104  AGBWF  2-28      ,BY*,6.060805833333333,-72.06815277777777,0.017801830564795732,1028.2865114701542,1632.416560045089,1018.2728887008504,1612.5392960179138
729,[GHE2001] W1                   ,EB*,6.070704166666666,-72.07421666666666,0.016548090921248974,1425.6304511458736,1348.0427778835437,1415.618126917008,1328.1673283714426
730,[MBV2011] 11809                ,*  ,5.953541666666665,-72.06802777777777,0.02506440906785072,1390.0312446810071,3982.569769072459,1380.0068894020965,3962.6941553278066
733,[BH2018] J006.025820-72.080400 ,*  ,6.0258199999999995,-72.0804,0.0014981385544454748,2019.7790114478075,2261.3886801242325,2009.7625160847294,2241.515944161823
734,Cl* NGC  104     WD       4    ,*  ,6.0332083333333335,-72.07744444444444,0.005215912296891164,1784.1133752081403,2132.783894186488,1774.0974672029413,2112.9100819566474
735,Cl* NGC  104    MAM    bet     ,*  ,6.019208333333334,-72.08047222222223,0.001366452276859515,2047.7091852880549,2405.26372844158,2037.6920328512565,2385.391120009293
737,Cl* NGC  104      R      13    ,*  ,6.027633333333334,-72.06923055555555,0.012322497809785561,1219.1173389532905,2346.7890976710987,1209.1004538569714,2326.9127050467914
740,[APP2021] 83794                ,*  ,5.9365000000000006,-72.08558333333332,0.02672608547437284,2697.619926274748,4157.181870300451,2687.5947724668536,4137.312228674438
741,[APP2021] 101058               ,*  ,6.0058750000000005,-72.06966666666668,0.01282029276072557,1325.2355855392184,2818.3163066070465,1315.2165470823802,2798.4403983546276
742,2MASS J00240181-7204045        ,RG*,6.007543,-72.067917,0.014272418401369192,1195.0359225120678,2801.4308407937924,1185.0169612604288,2781.5543379126216
743,Cl* NGC  104   GYSB     866    ,*  ,6.056920833333334,-72.07919166666666,0.010879085955217457,1826.8249253515114,1594.2586357404966,1816.8114767086404,1574.3850185016904
744,Cl* NGC  104    DPF    1997    ,V* ,6.023554166666667,-72.08141666666666,0.00037791190102065444,2099.897026781462,2299.582523848177,2089.88035697987,2279.710153781128
747,Cl* NGC  104  AGBWF  4-15      ,BY*,6.033773333333333,-72.10598222222221,0.024788774205209228,3811.9145390686963,1801.040610341096,3801.900147063985,1781.176058841867
748,Cl* NGC  104  AGBWF  3-26      ,*  ,6.0561525000000005,-72.08121138888889,0.010408923133132497,1973.1253673549056,1588.52475801335,1963.1119449118237,1568.6518089008573
749,Cl* NGC  104  AGBWF  4-22      ,*  ,6.083410000000001,-72.09771388888889,0.024850347019089062,3053.5188654646745,808.2773473836924,3043.5090071425775,788.4093314743332
750,[MSS2012] 92                   ,*  ,6.026716666666665,-72.08566666666665,0.004432710134630149,2391.273292901884,2182.7814038336223,2381.2571565384137,2162.9103644910247
751,2MASS J00241142-7205556        ,*  ,6.047710125720001,-72.09878396756,0.019015250997488325,3252.032374842255,1576.905183418673,3242.0190060740942,1557.038074854333
752,Gaia DR3 4689627584530672384   ,RR*,6.122403172331666,-72.0928893481775,0.03283866169752006,2577.1305469055555,9.088035340218994,2567.1243381860727,-10.782157260293388
756,2MASS J00241218-7202587        ,AB*,6.05085153983,-72.04964081818,0.03299407884244938,-254.2146388651454,2057.212369341611,-264.23020033879266,2037.3292481610038
757,GES J00242564-7205508          ,RG*,6.1068648602525,-72.09746781447527,0.03053871924098986,2955.847518149497,298.1246694739357,2945.8399897590784,278.2562067773281
758,2MASS J00242837-7204041        ,RG*,6.11817763879,-72.06778269506,0.03250995739075728,805.4372715981092,379.9922089276263,795.4293680572066,360.11392648568267
760,Cl* NGC  104    DPF    2772    ,*  ,6.023820833333334,-72.08388888888888,0.0024871470853219143,2274.8098775955004,2266.0506775437098,2264.793360929141,2246.1791063112537
761,[BH2018] J006.035834-72.081170 ,*  ,6.035834,-72.08117,0.00416404625442521,2040.0527040620202,2033.6298680581094,2030.0372488583523,2013.757224696033
764,2MASS J00240102-7205542        ,XB*,6.004291666666667,-72.09841666666667,0.017855674215866237,3375.390812537009,2530.230132970077,3365.3730895765248,2510.363588132099
767,[SBC2007] NGC 0104  61968      ,SB*,6.011400000000001,-72.0937,0.012708174567897653,3015.418075232327,2427.744763019113,3005.4008202126515,2407.876574161255
768,[GLS2013] 47 Tuc  82070        ,HB*,6.063451668499999,-72.09713297003,0.020151079352373695,3080.570450022586,1251.160673391505,3070.558568917828,1231.2927815203866
771,2MASS J00235311-7205101        ,RG*,5.971220317089999,-72.08622364459,0.016432695770704598,2622.624552169306,3390.5256336065386,2612.6028998597894,3370.655650356147
772,Cl* NGC  104    FBV      41    ,*  ,6.085495910999999,-72.09959623398,0.02658580108793818,3180.2810617781793,741.7151600115899,3170.2715076066424,721.8477228866959
773,[MSS2012] 77                   ,*  ,6.029333490449999,-72.0891367715,0.007988361673321133,2629.067696692212,2086.6788899860644,2619.051999289637,2066.8089366361164
774,Cl* NGC  104  AGBWF  2-24      ,BY*,6.062957916666667,-72.07306583333333,0.01505067002008177,1370.3604305260271,1530.4715971325754,1360.3472732071455,1510.5958952795559
775,Cl* NGC  104  AGBWF  3-18      ,BY*,6.111816666666668,-72.09047,0.02896740618763362,2441.128042010011,267.5085543382652,2431.1206529121573,247.63774112991723
776,[MSS2012] 70                   ,*  ,6.042608333333334,-72.07754444444444,0.007358371300258959,1758.8671710421286,1925.9224388912928,1748.8522077445416,1906.0485113671732
777,[MSS2012] 96                   ,*  ,5.984654166666666,-72.08013888888888,0.011664968646313854,2143.386626901859,3165.126256155247,2133.3660041688822,3145.2540842856497
778,Cl* NGC  104    DPF    2646    ,*  ,6.020666666666667,-72.08363888888888,0.002253259907470292,2267.901439045282,2337.862667795145,2257.884594410562,2317.991065004365
779,[BH2018] J006.020788-72.079180 ,*  ,6.020788,-72.07918,0.002313561408894282,1950.355825403583,2385.177457984459,1940.3387647160523,2365.304404941346
783,2MASS J00241161-7203253        ,AB*,6.048396554920001,-72.05700682717,0.02572163784479123,278.1655748834726,2028.719799414815,268.1501429352111,2008.8391096035893
785,Cl* NGC  104    AKO       6    ,*  ,6.0200000000000005,-72.08166666666666,0.0007502638028419647,2129.9308028197474,2374.5528069890233,2119.9137906278706,2354.680574074056
786,Cl* NGC  104  AGBWF  3-2       ,XB*,6.1280833333333335,-72.07963055555554,0.032588940446521594,1614.511627894228,31.745351712668707,1604.5053148974425,11.87076342776254
787,Cl* NGC  104  AGBWF  2-39      ,*  ,6.052414583333334,-72.06065472222222,0.022759313589879548,523.805685220409,1899.930325958684,513.7908411538224,1880.0507580108629
789,Cl* NGC  104  AGBWF  2-4       ,XB*,6.0409749999999995,-72.06331944444445,0.019012026696622757,752.7165145687686,2120.748629954187,742.7006619917399,2100.8701073634047
790,Cl* NGC  104  AGBWF  3-3       ,XB*,6.0635875,-72.08239166666665,0.012728704609197953,2031.549114249893,1412.6469056339697,2021.5364950378753,1392.7742232490486
791,Cl* NGC  104    EGG V32        ,XB*,6.023724999999999,-72.08128055555555,0.00045966012861670076,2089.6275483943764,2297.36922022985,2079.6108887017785,2277.496803262495
794,Cl* NGC  104    MAM M57553     ,*  ,6.0239,-72.081475,0.0004842546550017608,2102.8538382196934,2291.36145780347,2092.8372059611816,2271.489101244356
795,[GLS2013] 47 Tuc  83386        ,HB*,5.9693041666666655,-72.09066388888888,0.018735256676678618,2945.023359320038,3382.4077308882,2935.00174403398,3362.5392201391796
796,[GLS2013] 47 Tuc  81001        ,HB*,6.005962116279999,-72.10228117956,0.021435902703381478,3644.4701969777734,2450.336372702121,3634.452839090488,2430.4710567628113
797,Cl* NGC  104    TUC    1665    ,*  ,6.07999292374,-72.1080305865,0.0319549388227758,3799.077452164136,768.1008547017495,3789.067778260121,748.236243420627
798,2MASS J00240427-7206074        ,AB*,6.01783476803,-72.10207067944,0.020672481444515018,3588.570901388921,2193.1983216465374,3578.5547179624573,2173.332750353436
799,CPD-72    36                   ,*  ,6.058333333333334,-72.11166666666666,0.03218520163914862,4131.902856920171,1200.8459613820107,4121.891206833172,1180.9828706135
800,CXOGlb J002405.1-720604        ,XB*,6.021483333333334,-72.10123888888889,0.01979615315625314,3516.8443488592166,2122.7709016588947,3506.828487061065,2102.9050027671924
803,[GLS2013] 47 Tuc  80029        ,HB*,6.013595809119999,-72.1071848759,0.025880097793547555,3966.905621546472,2228.493471818001,3956.889277219301,2208.629628391446
804,[MSS2012] 87                   ,*  ,5.989660795969999,-72.08071075994,0.010077848222494877,2166.7313951287315,3049.143871475898,2156.7113020779334,3029.2718063192137
806,Cl* NGC  104    EGG V25        ,BY*,6.027325833333333,-72.08220166666666,0.0017136438167526934,2142.731130688886,2208.259003587171,2132.714877956881,2188.3868291544127
808,[MSS2012] 33                   ,*  ,6.036192616799999,-72.08651053284,0.006622161360128982,2418.6655236615456,1966.0295915549927,2408.6503772282254,1946.1586772872904
809,[MSS2012] 89                   ,*  ,6.01545256109,-72.07169799669,0.009973552025640278,1436.628021399719,2585.8361848791174,1426.610044534486,2565.9607855246472
810,Cl* NGC  104    DSZ       7    ,BS*,6.0196250000000004,-72.08122222222222,0.0008611483546592967,2099.613983853487,2387.7397662841504,2089.596911440766,2367.8673949079443
811,Cl* NGC  104    DPF    1166    ,*  ,6.023537500000001,-72.07898888888889,0.002483541443054469,1927.2836141869811,2327.146744077477,1917.266818525864,2307.273585675325
812,2MASS J00241282-7203385        ,RG*,6.053377245090001,-72.06067090713,0.022866799348239094,521.645242595788,1878.6593058713472,511.6304956611773,1858.7797280619584
814,2MASS J00235467-7203389        ,LP*,5.977756884649998,-72.06076105961,0.024820707548060716,789.2245219691724,3534.1933487159404,779.2022149536663,3514.3149915577833
815,[KDA2008] 2                    ,SB*,6.027254166666666,-72.08422222222222,0.003164124650068107,2286.6874395573223,2187.1988183427784,2276.671283010079,2167.3273013575904
816,Cl* NGC  104  AGBWF  2-45      ,*  ,6.027099166666667,-72.07387166666666,0.007713726654858742,1551.0519077050467,2306.508584867803,1541.0352064022045,2286.633708211591
817,[BH2018] J006.036598-72.079470 ,*  ,6.036598,-72.07947,0.004813807033728691,1916.5095014610065,2035.9308465448712,1906.4940357539106,2016.0576389671462
819,Cl* NGC  104    DSZ       6    ,V*?,6.029166666666668,-72.07575,0.006070702961743233,1677.5206476735332,2240.2170703953702,1667.504249066913,2220.3427713406854
820,Gaia DR3 4689640362076062976   ,EB*,5.990693459488333,-72.04964266480889,0.03326034933957475,-46.307293573874176,3375.823636223493,-56.32887620848578,3355.941463163478
821,Cl* NGC  104    FBV      24    ,*  ,5.991666666666666,-72.09694444444445,0.018143086290183987,3314.285218264208,2822.7688001348456,3304.2661591142846,2802.9019761836144
822,Cl* NGC  104   GYSB     658    ,*  ,6.040491666666667,-72.0789861111111,0.006105150327682534,1868.6910262470572,1956.1285757241221,1858.6759249910433,1936.2551497585116
824,Cl* NGC  104      R      26    ,RG*,5.97152047468,-72.07099639099,0.018805861979189698,1538.7241260232831,3555.4936253643227,1528.7017209288958,3535.6186914003333
825,CXOGlb J002406.8-720512        ,XB*,6.028620833333334,-72.08674722222221,0.005644945349999339,2461.5675382355607,2129.0239124222976,2451.551647397486,2109.1531941094895
827,Cl* NGC  104      R      10    ,LP*,6.06153130109,-72.07901484141,0.012304168577669599,1798.413330275667,1495.3236208166743,1788.4003334527056,1475.449873788853
828,2MASS J00242846-7205019        ,AB*,6.118613643329999,-72.08386469489,0.029720114410076146,1948.0317548364924,192.0742068226666,1938.0247098531947,172.20114178494327
